1,Dublin Classic 1999,1999-08-29,38
2,National Club Ch 1999,1999-09-05,28
3,European Youth Ch 1999,1999-09-12,19
38,Elm Mount Club Ch 1999 A,1999-09-19,7
39,Elm Mount Club Ch 1999 B,1999-09-19,8
40,Elm Mount Club Ch 1999 C,1999-09-19,6
41,Elm Mount Club Ch 1999 D,1999-09-19,5
42,Malahide Club Ch 1999,1999-09-20,15
43,Limerick Club Swiss 1999,1999-09-21,32
4,City of Dublin Senior 1999,1999-09-26,17
5,City of Dublin Intermediate 1999,1999-09-26,31
6,City of Dublin Junior 1999,1999-09-26,46
7,Guernsey Open 1999,1999-10-23,8
8,Limerick Open 1999 - senior,1999-10-25,47
9,Limerick Open 1999 - junior,1999-10-25,20
10,Braille Ch 1999,1999-10-26,6
11,World Youth Chs 1999,1999-11-06,59
16,Rathmines Senior 1999,1999-11-07,14
17,Rathmines Junior 1999,1999-11-07,37
18,Isle of Man 1999,1999-11-14,23
19,Kilkenny Masters 1999,1999-11-28,36
20,Kilkenny Challengers 1999,1999-11-28,49
21,Kilkenny Major 1999,1999-11-28,87
22,Kilkenny Minor 1999,1999-11-28,49
23,Bray Club Ch 1999,1999-12-02,6
24,European Team Ch (Batumi) 1999,1999-12-08,40
30,Linares Open (Spain),2000-01-14,11
25,Anibal Open 2000,2000-01-15,22
44,French Leagues,2000-01-15,15
28,LSCA (U16) 2000,2000-01-16,16
29,LSCA (U12) 2000,2000-01-16,39
26,LSCA (U19) 2000,2000-01-30,5
27,LSCA (U14) 2000,2000-01-30,32
31,Bunratty Masters 2000,2000-02-13,33
32,Bunratty Challengers 2000,2000-02-13,47
33,Bunratty Major 2000,2000-02-13,92
34,Bunratty Minor 2000,2000-02-13,73
45,Munster Leagues Div 2 1999-2000,2000-02-20,75
46,Armstrong Cup 1999-2000,2000-03-10,178
47,Heidenfeld Trophy 1999-2000,2000-03-11,153
36,O'Hanlon Cup 1999-2000,2000-03-12,108
48,Ennis Shield 1999-2000,2000-03-12,101
49,BEA North 1999-2000,2000-03-14,84
50,BEA South 1999-2000,2000-03-15,57
51,Bodley North 1999-2000,2000-03-16,0
52,Bodley South 1999-2000,2000-03-17,44
53,Branagan Cup 2000,2000-03-18,90
35,Cork Congress 2000,2000-03-26,64
54,Irish Junior Chs 2000 (U19),2000-04-02,6
55,Irish Junior Chs 2000 (U16),2000-04-02,14
56,Malahide Open 2000,2000-04-09,29
57,Malahide U1600,2000-04-09,45
58,Munster Div 1 1999-2000,2000-04-16,59
59,Senior Interprovincials 2000,2000-04-21,40
60,Irish Junior Chs 2000 (U14),2000-04-28,19
61,Irish Junior Chs 2000 (U12),2000-04-28,31
62,Irish Junior Chs 2000 (U10),2000-04-28,10
63,Irish Chs 2000 - Senior,2000-04-30,12
64,Irish Chs 2000 - Intermediate,2000-04-30,8
65,Irish Chs 2000 - Junior,2000-04-30,19
66,Irish Open 2000 - Ahane,2000-04-30,0
99,2000 Irish Championships - Weekender,2000-04-30,23
67,Ballyfermot 2000,2000-05-13,20
82,St Benildus 2000 Junior,2000-05-26,20
68,Charleville Club Ch 2000,2000-05-30,10
69,Drogheda Congress 2000 A,2000-06-05,6
70,Drogheda Congress 2000 B,2000-06-05,6
71,Drogheda Congress 2000 C,2000-06-05,5
72,Drogheda Congress 2000 D,2000-06-05,6
74,Drogheda Congress 2000 E,2000-06-05,6
75,Drogheda Congress 2000 F,2000-06-05,6
76,Drogheda Congress 2000 V,2000-06-05,6
77,National Club Ch 2000 - Bray,2000-06-10,14
78,Derry Millennium 2000,2000-06-11,7
100,2000 Derry Millennium - Intermediate,2000-06-11,14
101,2000 Derry Millennium - Open,2000-06-11,20
79,Match A Baburin v K O'Shea,2000-06-12,2
80,St Benildus Open 2000,2000-06-25,12
81,St Benildus 2000 Intermediate,2000-06-25,16
83,Drogheda Club Ch 2000 Senior,2000-07-07,9
84,Drogheda Club Ch 2000 Intermediate,2000-07-07,9
85,Phibsboro Club Ch 2000 Senior,2000-07-14,14
86,Phibsboro Club Ch 2000 Intermediate,2000-07-14,13
87,Phibsboro Club Ch 2000 Junior,2000-07-14,13
88,Glorney & Faber Cups 2000,2000-07-27,50
89,British Ch 2000 - Millfield,2000-08-13,23
96,Dublin Classic 2000,2000-08-20,64
90,Match A Baburin v S Collins,2000-08-24,2
91,Match M O'Siochru v S Connolly,2000-08-25,2
92,Rathmines Club Ch 2000 Senior,2000-08-26,10
93,Rathmines Club Ch 2000 Intermediate,2000-08-26,8
94,Rathmines Club Ch 2000 Junior,2000-08-26,6
95,Malahide Club Ch 2000,2000-08-27,14
97,MSO Masters 2000 - London,2000-08-28,10
98,Elm Mount Club Ch 2000,2000-08-30,24
102,2000 Zonal - (DMcM + JR),2000-09-14,17
103,2000 European Club Cup - (Bray),2000-09-30,48
104,2000 City of Dublin - Junior,2000-10-08,49
105,2000 City of Dublin - Intermediate,2000-10-08,24
106,2000 City of Dublin - Senior,2000-10-08,13
107,2000 Munster Championships,2000-10-15,19
108,2000 Connaught Championships - (SC + DP),2000-10-22,10
109,2000 Isle of Man - (PC),2000-10-22,8
110,2000 World Youth Championships - Under 12s - Girls,2000-10-23,12
111,2000 World Youth Championships - Under 12s - Boys,2000-10-23,12
112,2000 World Youth Championships - Under 14s - Boys,2000-10-23,12
113,2000 World Youth Championships - Under 16s - Boys,2000-10-23,12
114,2000 World Youth Championships - Under 18s - Boys,2000-10-23,12
115,2000 Braille Championships - Junior,2000-10-30,12
116,2000 Braille Championships - Open,2000-10-30,10
117,2000 Limerick Open - Under 1200,2000-10-30,15
118,2000 Limerick Open - Open,2000-10-30,28
119,2000 Ulster Championships - Junior,2000-11-05,9
120,2000 Ulster Championships - Intermediate,2000-11-05,14
121,2000 Ulster Championships - Matchplay,2000-11-05,6
122,2000 Olympiad - Women,2000-11-12,46
123,2000 Olympiad - Men,2000-11-12,62
124,2000 Four Nations Club League - (Bray),2000-11-26,23
125,2000 Kilkenny - Challengers,2000-11-26,50
126,2000 Kilkenny - James Mason,2000-11-26,71
127,2000 Kilkenny - Major,2000-11-26,44
128,2000 Kilkenny - Masters,2000-11-26,34
129,2000 York Viking Festival - (JR),2000-12-22,10
130,2000 Ulster Championships - Senior,2000-12-30,16
131,2001 Birmingham Winter Congress - (SS + GW),2001-01-07,12
132,2001 L.S.C.A. Championships - Under 12s,2001-01-14,23
133,2001 L.S.C.A. Championships - Under 16s,2001-01-14,24
134,2001 L.S.C.A. Championships - Under 14s,2001-01-21,44
135,2001 L.S.C.A. Championships - Under 19s,2001-01-21,9
136,2001 Bunratty Festival - Minor,2001-02-18,87
137,2001 Bunratty Festival - Major,2001-02-18,94
138,2001 Bunratty Festival - Challengers,2001-02-18,55
139,2001 Bunratty Festival - Masters,2001-02-18,44
140,2001 Brian Fitzpatrick v David Path,2001-03-11,2
141,2000-2001 U.C.U. Leagues - Div.2,2001-03-19,74
142,2000-2001 U.C.U. Leagues - Div.1,2001-03-19,66
143,2001 Cork City Congress - Stars Barred,2001-03-25,28
144,2001 Cork City Congress - Challengers,2001-03-25,41
145,2001 Cork City Congress - Major,2001-03-25,25
146,2001 North Munster Championships,2001-03-25,21
147,2000-2001 L.C.U. Leagues - Div.6 [Bodley Cup],2001-03-30,66
148,2000-2001 L.C.U. Leagues - Div.5 [B.A. Cup],2001-03-30,55
149,2000-2001 L.C.U. Leagues - Div.4 [O'Hanlon Cup],2001-03-30,99
150,2000-2001 L.C.U. Leagues - Div.2 [Heidenfeld Shield],2001-03-30,121
151,2000-2001 L.C.U. Leagues - Div.1 [Armstrong Cup],2001-03-30,151
200,2000-2001 L.C.U. Leagues - Div.3 [Ennis Shield],2001-03-31,119
152,2001 Target Recruitment Open - Major,2001-04-01,15
153,2001 Target Recruitment Open - Challengers,2001-04-01,33
154,2001 Target Recruitment Open - Masters,2001-04-01,34
201,2001 Fisherwick Challenge,2001-04-02,26
155,2001 Irish Open & Leinster Championships - Junior,2001-04-16,31
156,2001 Irish Open & Leinster Championships - Intermediate,2001-04-16,28
157,2001 Irish Open & Leinster Championships - Senior,2001-04-16,14
158,2001 Irish Junior Championships - Under 12s,2001-04-20,28
159,2001 Irish Junior Championships - Under 16s,2001-04-20,21
160,2001 Irish Junior Championships - Under 10s,2001-04-22,20
161,2001 Irish Junior Championships - Under 14s,2001-04-22,39
162,2001 Irish Junior Championships - Under 19s,2001-04-22,10
163,2000-2001 M.C.U. Leagues - Div.2,2001-04-22,82
164,2000-2001 M.C.U. Leagues - Div.1,2001-04-22,52
165,2001 Limerick Club Championships,2001-04-27,32
166,2001 Tom White Cup,2001-05-01,30
167,2001 Malahide Millennium Tournament - Under 1600,2001-05-07,34
168,2001 Malahide Millennium Tournament - Open,2001-05-07,34
169,2001 Phibsboro Club Championships - Minor,2001-05-14,14
170,2001 Phibsboro Club Championships - Senior,2001-05-14,11
171,2001 Phibsboro Open - Junior,2001-05-20,26
172,2001 Phibsboro Open - Intermediate,2001-05-20,34
173,2001 Phibsboro Open - Senior,2001-05-20,20
174,2001 Rathmines Club Championships - Junior,2001-05-31,6
175,2001 Rathmines Club Championships - Intermediate,2001-05-31,10
176,2001 Rathmines Club Championships - Senior,2001-05-31,7
177,2001 Drogheda Congress - Junior,2001-06-04,8
178,2001 Drogheda Congress - Veterens,2001-06-04,3
179,2001 Drogheda Congress - Section D,2001-06-04,6
180,2001 Drogheda Congress - Section C,2001-06-04,6
181,2001 Drogheda Congress - Section B,2001-06-04,6
182,2001 Drogheda Congress - Section A,2001-06-04,5
183,2001 International Triangular Match - Under 12s,2001-06-16,24
184,2001 International Triangular Match - Under 14s,2001-06-16,24
185,2001 Belfast Summerfest - Major,2001-06-17,19
186,2001 Belfast Summerfest - Open,2001-06-17,21
187,2001 Malahide Club Championships - Intermediate,2001-06-19,8
188,2001 Faber Cup,2001-07-11,18
189,2001 Glorney Cup,2001-07-11,29
190,2001 Irish Championships - Senior,2001-07-13,20
191,2001 Irish Championships - Weekender,2001-07-15,53
192,2001 Elm Mount Club Championships - Div.2 Team,2001-07-23,8
193,2001 Branagan Cup,2001-07-26,79
194,2001 Dublin Club Championships,2001-08-09,18
195,2001 British Championships - (SC\, BK\, JK + JMcD),2001-08-10,33
196,2001 Dublin Open Classic,2001-08-26,64
197,2001 John Alfred v Pat Reynolds,2001-08-26,2
198,2001 Mind Sports Olympiad - (AF),2001-08-27,11
199,2001 World Junior Championships - (SC),2001-08-29,14
202,2001 European Youth Championships - Under 12s - Boys (KSM),2001-09-09,9
203,2001 European Youth Championships - Under 14s - Boys (KMcP),2001-09-09,10
204,2001 European Youth Championships - Under 16s - Boys (GW),2001-09-09,10
205,2001 European Youth Championships - Under 18s - Boys (SS),2001-09-09,10
206,2001 National Club Championships (Bray/Greystones\, Crumlin\, Cork City + Limerick),2001-09-09,26
207,2001 Munster Championships,2001-09-09,25
208,2001 Elm Mount Club Championships - Section A,2001-09-17,7
209,2001 Civil Service Challenge,2001-09-19,42
210,2001 European Club Cup (Bray/Greystones + Dublin),2001-09-29,73
211,2001 Henderson Cup,2001-09-30,17
212,2001 Williamson Shield,2001-09-30,18
213,2001 Elm Mount Club Championships - Section D,2001-10-01,7
214,2001 Elm Mount Club Championships - Section C,2001-10-01,6
215,2001 Elm Mount Club Championships - Section B,2001-10-01,6
216,2001 Isle of Man - Minor (JH),2001-10-07,6
217,2001 Isle of Man - Major (GC\, JC\, PC + GW),2001-10-07,17
218,2001 Isle of Man - Open (JR),2001-10-07,10
219,2001 City of Dublin - Junior,2001-10-14,52
220,2001 City of Dublin - Intermediate,2001-10-14,34
221,2001 City of Dublin - Senior,2001-10-14,12
222,2001 Limerick Open - Stars Barred,2001-10-29,22
223,2001 Limerick Open - Open,2001-10-29,46
224,2001 Braille Championships,2001-10-29,10
225,2001 World Youth Championships - Under 10s - Boys (JF),2001-11-02,12
226,2001 World Youth Championships - Under 14s - Girls (SH),2001-11-02,12
227,2001 World Youth Championships - Under 14s - Boys (AL),2001-11-02,12
228,2001 World Youth Championships - Under 16s - Girls (HLOR),2001-11-02,12
229,2001 World Youth Championships - Under 16s - Boys (SJ),2001-11-02,12
230,2001 European Team Championships - Women (DQ\, ES + GUL),2001-11-15,21
231,2001 European Team Championships - Men (MQ\, MH\, SB + MOC),2001-11-15,36
232,2001 Ulster Championships - Junior,2001-11-25,11
233,2001 Ulster Championships - Intermediate,2001-11-25,12
234,2001 Kilkenny Congress - Challengers,2001-12-02,77
235,2001 Kilkenny Congress - James Mason,2001-12-02,68
236,2001 Kilkenny Congress - Major,2001-12-02,46
237,2001 Kilkenny Congress - Masters,2001-12-02,32
238,2001 Ulster Championships - Senior,2001-12-30,19
239,2002 L.S.C.A. Championships - Under 16s,2002-01-13,38
240,2002 L.S.C.A. Championships - Under 14s,2002-01-27,48
241,2002 L.S.C.A. Championships - Under 19s,2002-01-27,9
242,2002 Gonzaga Classic - Minor,2002-02-03,44
243,2002 Gonzaga Classic - Challengers,2002-02-03,24
244,2002 Gonzaga Classic - Major,2002-02-03,17
245,2002 Gonzaga Classic - Masters,2002-02-03,9
246,2002 Charleville Club Championships,2002-02-07,10
247,2002 Cappelle La Grande Tournament (CD + JR),2002-02-16,20
248,2002 Bunratty Festival - Minor,2002-02-17,113
249,2002 Bunratty Festival - Major,2002-02-17,87
250,2002 Bunratty Festival - Challengers,2002-02-17,66
251,2002 Bunratty Festival - Masters,2002-02-17,43
252,2002 Dublin v St. Albans,2002-02-23,21
253,2002 British Braille Championships - Minor (SH),2002-03-03,6
254,2001-2002 U.C.U. Leagues - Div.2,2002-03-21,90
255,2001-2002 U.C.U. Leagues - Div.1,2002-03-21,58
256,2002 Cork City Congress - Minor,2002-03-24,62
257,2002 Cork City Congress - Major,2002-03-24,62
258,2002 Cork City Congress - Masters,2002-03-24,38
259,2002 Irish Junior Championships - Under 12s,2002-04-05,44
260,2002 Irish Junior Championships - Under 16s,2002-04-05,26
261,2002 Irish Junior Championships - Under 10s,2002-04-07,19
262,2002 Irish Junior Championships - Under 14s,2002-04-07,51
263,2002 Irish Junior Championships - Under 19s,2002-04-07,14
264,2001-2002 M.C.U. Leagues - Div.1,2002-04-10,50
265,2002 Aventinius Tournament (LH\, KOD\, DP +DS),2002-04-14,4
266,2002 North Munster Championships,2002-04-21,21
267,2001-2002 L.C.U. Leagues - Div.5 [B.A. Cup],2002-04-28,90
268,2001-2002 L.C.U. Leagues - Div.4 [O'Hanlon Cup],2002-04-28,104
269,2001-2002 L.C.U. Leagues - Div.3 [Ennis Shield],2002-04-28,117
270,2001-2002 L.C.U. Leagues - Div.2 [Heidenfeld Trophy],2002-04-28,161
271,2001-2002 L.C.U. Leagues - Div.1 [Armstrong Cup],2002-04-28,168
272,2002 Malahide Millennium Tournament - Under 1600,2002-05-06,44
273,2002 Malahide Millennium Tournament - Open,2002-05-06,38
274,2002 Limerick Club Championships,2002-05-08,30
275,2002 Cork City Club Championships,2002-05-10,33
276,2002 Galway Open,2002-05-12,55
277,2002 Ulster Team Championships - KO Cup,2002-05-12,41
278,2002 Ulster Team Championships - Plate,2002-05-12,24
279,2002 Drogheda Club Championships,2002-05-14,12
280,2002 Leinster Championships - Junior,2002-05-19,26
281,2002 Leinster Championships - Intermediate,2002-05-19,23
282,2002 Leinster Championships - Senior,2002-05-19,16
283,2002 Branagan Cup,2002-05-23,63
284,2002 Malahide Club Championships - Intermediate,2002-05-28,11
285,2002 Malahide Club Championships - Senior,2002-05-28,16
286,2002 Rathmines Club Championships - Junior,2002-05-30,8
287,2002 Rathmines Club Championships - Intermediate,2002-05-30,8
288,2002 Rathmines Club Championships - Senior,2002-05-30,10
289,2002 Drogheda Congress - Veterens,2002-06-03,3
290,2002 Drogheda Congress - Section D,2002-06-03,10
291,2002 Drogheda Congress - Section C,2002-06-03,6
292,2002 Drogheda Congress - Section B,2002-06-03,6
293,2002 Drogheda Congress - Section A,2002-06-03,6
294,2002 Phibsboro Club Championships,2002-06-05,27
295,2002 Belfast Summerfest - Novices,2002-06-09,19
296,2002 Belfast Summerfest - Challengers,2002-06-09,19
297,2002 Belfast Summerfest - Open,2002-06-09,10
298,2002 Dublin Masters (CB\, SB\, JJ\, MOC +JR),2002-06-18,6
299,2002 Irish Championships - Weekender,2002-07-07,34
300,2002 Irish Championships - Junior,2002-07-12,25
301,2002 Irish Championships - Intermediate,2002-07-12,22
302,2002 Irish Championships - Senior,2002-07-14,19
303,2002 Faber Cup,2002-07-26,18
304,2002 Glorney Cup,2002-07-26,30
305,2002 British Championships - Under 16s (MD),2002-08-02,8
306,2002 Lost Boys Tournament (CD\, MOC + JR),2002-08-04,27
307,2002 British Championships - Under 125 "BCF" (GW),2002-08-09,6
308,2002 British Championships - Under 175 "BCF" (MD),2002-08-09,6
309,2002 British Championships - Open (SC),2002-08-09,11
310,2002 Dublin Classic,2002-08-25,63
311,2002 Chanac Open (JL),2002-08-31,10
312,2002 National Club Championships (Bray/Greystones\, Phibsboro\, Fisherwick + R.V.H.),2002-09-15,29
313,2002 Junior International Triangular Match - Under 12s (SOC\, DM\, SS\, JS\, NK\, SMcC\, MSH + CD),2002-09-15,24
314,2002 Junior International Triangular Match - Under 14s (JMcM\, RD\, RL\, JV\, EK\, CL\, EA + HLOR),2002-09-15,24
315,2002 C.I.Y.M.S. Challenge,2002-09-18,43
316,2002 European Club Cup (Crumlin),2002-09-28,42
317,2002 Munster Championships - Junior,2002-09-29,15
318,2002 Munster Championships - Senior,2002-09-29,18
319,2002 Bray/Greystones Club Championships - Minor,2002-10-02,15
320,2002 Isle of Man - Major (GC\, JC\, PC + NL),2002-10-06,22
321,2002 Isle of Man - Open (SB\, PC\, CD + AF),2002-10-06,33
322,2002 City of Dublin - Junior,2002-10-06,46
323,2002 City of Dublin - Intermediate,2002-10-06,37
324,2002 City of Dublin - Senior,2002-10-06,14
325,2002 European Youth Championships - Under 10s - Boys (JF),2002-10-08,10
326,2002 European Youth Championships - Under 14s - Girls (SH),2002-10-08,10
327,2002 European Youth Championships - Under 14s - Boys (KMcP),2002-10-08,10
328,2002 European Youth Championships - Under 16s - Girls (HLOR),2002-10-08,9
329,2002 European Youth Championships - Under 16s - Boys (GW),2002-10-08,9
330,2002 European Youth Championships - Under 18s - Boys (DM),2002-10-08,9
331,2002 Limerick Open,2002-10-28,69
332,2002 Braille Championships,2002-10-28,24
333,2002 City of Derry Club Championships,2002-10-29,9
334,2002 Le Touquet Tournament - Open (PC + AF),2002-11-02,18
335,2002 Olympiad - Women (SC\, DQ\, GUL + ES),2002-11-10,46
336,2002 Olympiad - Men (AB\, BK\, MQ\, MH\, MO + SC),2002-11-10,62
337,2002 Ulster Championships - Junior,2002-11-24,21
338,2002 Ulster Championships - Intermediate,2002-11-24,19
339,2002 Alex Beckett Trophy,2002-11-24,2
340,2002 World Youth Championships - Under 10s - Girls (CD),2002-11-28,12
341,2002 World Youth Championships - Under 10s - Boys (OB\, MD\, JF + SMcC),2002-11-28,41
342,2002 World Youth Championships - Under 12s - Boys (SOC),2002-11-28,11
343,2002 World Youth Championships - Under 14s - Girls (SH),2002-11-28,12
344,2002 World Youth Championships - Under 14s - Boys (MD),2002-11-28,12
345,2002 World Youth Championships - Under 16s - Boys (SB),2002-11-28,12
346,2002 World Youth Championships - Under 18s - Boys (SJ),2002-11-28,12
347,2002 Kilkenny Congress - Challengers,2002-12-01,81
348,2002 Kilkenny Congress - James Mason,2002-12-01,80
349,2002 Kilkenny Congress - Major,2002-12-01,54
350,2002 Kilkenny Congress - Masters,2002-12-01,36
351,2002 Castle Cup,2002-12-03,23
352,2002 London Junior Championships - Under 14s - Minor (HLOR),2002-12-15,7
353,2002 World Junior Championships - Boys (SC),2002-12-19,14
354,2002 North American Open - Under 2200 "USCF" (GUL),2002-12-29,7
355,2002 Hastings Jubilee - Minor (NL),2002-12-29,6
356,2002 London Junior Championships - Under 16s (HLOR),2002-12-30,7
357,2002 London Junior Championships - Under 18/21s (RLOR),2002-12-30,7
358,2002 Ulster Championships - Senior,2002-12-30,22
359,2003 Tucson Open - Reserve (CL),2003-01-12,5
360,2003 Tucson Open - Open (GUL),2003-01-12,3
361,2003 L.S.C.A. Championships - Under 12s,2003-01-12,43
362,2003 L.S.C.A. Championships - Under 16s,2003-01-12,28
363,2002 Tom White Cup,2003-01-22,34
364,2003 Williamson Shield - Under 1600,2003-01-26,19
365,2003 Williamson Shield - Open,2003-01-26,19
366,2003 L.S.C.A. Championships - Under 14s,2003-01-26,36
367,2003 L.S.C.A. Championships - Under 19s,2003-01-26,17
464,2002 Dublin Club Championships,2003-01-29,18
368,2003 Gonzaga Classic - Challengers,2003-02-09,41
369,2003 Gonzaga Classic - Minor,2003-02-09,13
370,2003 Gonzaga Classic - Major,2003-02-09,32
371,2003 Gonzaga Classic - Masters,2003-02-09,8
372,2003 Aosta Tournament (SB + MOC),2003-02-16,20
373,2003 Youth Interprovincials - Under 16s,2003-02-16,20
465,2003 Youth Interprovincials - Under 19s,2003-02-16,18
374,2003 Bunratty Festival - Minor,2003-02-23,114
375,2003 Bunratty Festival - Major,2003-02-23,92
376,2003 Bunratty Festival - Challengers,2003-02-23,73
377,2003 Bunratty Festival - Masters,2003-02-23,38
378,2003 Junior International Challenge Match - Under 12s (OB\, PC\, DM + BQ),2003-03-02,10
379,2003 Junior International Challenge Match - Under 16s (CF\, EK\, HLOR\, DMcM\, JMcM + JW),2003-03-02,14
380,2003 North Ulster Championships,2003-03-04,8
381,2003 Glenrothes Congress - Minor (SD),2003-03-09,6
382,2002 Elm Mount Club Championships - E,2003-03-10,8
383,2002 Elm Mount Club Championships - D,2003-03-10,5
384,2002 Elm Mount Club Championships - C,2003-03-10,6
385,2002 Elm Mount Club Championships - B,2003-03-10,7
386,2002 Elm Mount Club Championships - A,2003-03-10,8
387,2002-2003 U.C.U. Leagues - Div.2,2003-03-14,77
388,2002-2003 U.C.U. Leagues - Div.1,2003-03-21,74
389,2003 Cork Congress - Minors,2003-03-23,55
390,2003 Cork Congress - Majors,2003-03-23,67
391,2003 Cork Congress - Masters,2003-03-23,49
392,2003 City of Belfast Championships - Henderson Cup,2003-03-30,15
393,2003 City of Belfast Championships - Nemtzov Cup,2003-03-30,17
394,2003 North Munster Championships - Under 1200 [Junior],2003-04-06,22
395,2003 North Munster Championships - Open [Senior],2003-04-06,31
396,2003 Limerick Club Championships - Junior,2003-04-09,22
397,2002-2003 Galway Winter League,2003-04-10,18
398,2002-2003 M.C.U. Leagues - Div.1,2003-04-10,53
399,2003 Gausdal Classic - GM Group (CD),2003-04-11,12
400,2002-2003 L.C.U. Leagues - Div.4 [O'Hanlon Cup],2003-04-13,117
401,2002-2003 L.C.U. Leagues - Div.3 [Ennis Shield],2003-04-13,125
402,2002-2003 L.C.U. Leagues - Div.2 [Heidenfeld Trophy],2003-04-13,168
403,2002-2003 L.C.U. Leagues - Div.1 [Armstrong Cup],2003-04-13,172
404,2003 Irish Open & Leinster Championships - Junior,2003-04-21,27
405,2003 Irish Open & Leinster Championships - Intermediate,2003-04-21,44
406,2003 Irish Open & Leinster Championships - Senior,2003-04-21,14
407,2003 Limerick Club Championships - Senior,2003-04-23,36
408,2003 Irish Junior Championships - Under 10s,2003-04-27,26
409,2003 Irish Junior Championships - Under 12s,2003-04-27,38
410,2003 Irish Junior Championships - Under 14s,2003-04-27,30
411,2003 Irish Junior Championships - Under 16s,2003-04-27,27
412,2003 Irish Junior Championships - Under 19s,2003-04-27,6
413,2003 Malahide Millennium Tournament - Under 1400,2003-05-05,27
414,2003 Malahide Millennium Tournament - Under 1800,2003-05-05,29
415,2003 Malahide Millennium Tournament - Open,2003-05-05,19
416,2003 Derry City Championships,2003-05-13,6
417,2003 Galway Open,2003-05-18,51
418,2003 Ulster Team Championships,2003-05-18,10
419,2003 Waterford Open,2003-05-25,38
420,2003 South West Arizona Championships - Open (GUL),2003-05-25,6
421,2003 Drogheda Congress - Veterens,2003-06-02,4
422,2003 Drogheda Congress - D,2003-06-02,8
423,2003 Drogheda Congress - C,2003-06-02,6
424,2003 Drogheda Congress - B,2003-06-02,6
425,2003 Drogheda Congress - A,2003-06-02,6
426,2003 Cork Club Championships,2003-06-06,42
427,2003 Belfast Summerfest - Novices,2003-06-08,11
428,2003 Belfast Summerfest - Challengers,2003-06-08,14
429,2003 Belfast Summerfest - Open,2003-06-08,14
430,2003 U.S. National Open - Under 1800 "USCF" (DQ + GUL),2003-06-15,13
431,2003 U.S. National Open - Open (SC),2003-06-15,7
432,2003 Junior International Triangular Match - Under 12s (JF\, DM\, SOC\, CD\, SMcC\, BQ\, DF + SO),2003-06-22,24
433,2003 Junior International Triangular Match - Under 14s (CL\, EW\, IL\, DG\, JOD\, JV\, TL + SM),2003-06-22,24
434,2003 Rathmines Club Championships - Junior,2003-06-24,8
435,2003 Rathmines Club Championships - Intermediate,2003-06-24,6
436,2003 Rathmines Club Championships - Senior,2003-06-24,12
437,2003 World Junior Championships - Boys (DM),2003-07-03,13
438,2003 Tom White Cup,2003-07-09,35
439,2003 Irish Championships - Junior,2003-07-13,31
440,2003 Irish Championships - Intermediate,2003-07-13,25
441,2003 Irish Championships - Senior,2003-07-13,18
442,2003 Faber Cup (HLOR\, EA + DG),2003-07-17,18
443,2003 Glorney Cup (MD\, SJ\, KMcP\, KD + SB),2003-07-17,30
466,2003 Branagan Cup,2003-07-17,84
444,2003 Ye Olde Pueblo Open (CL + GUL),2003-07-20,11
445,2003 Drogheda Club Championships,2003-07-20,14
446,2003 European Youth Team Championships - Under 18s - Boys (SJ\, KMcP\, KD + SB),2003-07-27,32
447,2003 British Championships - Under 9s (MD),2003-07-27,8
448,2003 Bray/Greystones Club Championships - Minor,2003-07-30,20
449,2003 Bray/Greystones Club Championships - Senior,2003-07-30,8
450,2003 Biel International Festival - Master Tournament (MOC),2003-08-01,12
451,2003 British Championships - Under 10s (OB + SH),2003-08-01,14
452,2003 British Championships - Under 125 "BCF" (HLOR),2003-08-01,6
453,2003 British Championships - Open (SC),2003-08-01,22
454,2003 Lancashire Festival - International Tournament (SC),2003-08-09,10
455,2003 New Pueblo Open (GUL),2003-08-17,5
456,2003 Berks & Bucks Congress - Reserves "C" (OB),2003-08-25,7
457,2003 Elm Mount Club Championships - F,2003-08-31,6
458,2003 Elm Mount Club Championships - E,2003-08-31,6
459,2003 Elm Mount Club Championships - D,2003-08-31,6
460,2003 Elm Mount Club Championships - C,2003-08-31,6
461,2003 Elm Mount Club Championships - B,2003-08-31,6
462,2003 Elm Mount Club Championships - A,2003-08-31,6
463,2003 Dublin Classic,2003-08-31,63
467,2003 Rocky Mountain Open (GUL),2003-09-01,6
468,2003 Sants Open (JA\, DS + NW),2003-09-07,29
469,2003 Civil Service Challenge,2003-09-17,53
470,2003 South Arizona Championships (GUL),2003-09-21,5
471,2003 Lausanne Young Masters (GF),2003-09-22,8
472,2003 Munster Championships,2003-09-28,54
473,2003 Malahide Club Championships,2003-09-30,16
474,2003 Dublin Club Championships,2003-10-01,14
475,2003 Isle of Man - Open (JL + KMcP),2003-10-05,19
476,2003 European Club Cup [Phibsboro (SB\, ROD\, DS)],2003-10-05,17
477,2003 European Team Championships - Men (BK\, SC\, DMcM + AF),2003-10-20,36
478,2003 Braille Championships - Junior,2003-10-27,3
479,2003 Braille Championships - Senior,2003-10-27,6
480,2003 Limerick Open,2003-10-27,68
481,2003 World Youth Championships - Under 10s - Boys (MD + SH),2003-11-03,22
482,2003 World Youth Championships - Under 12s - Boys (OB\, JF + DM),2003-11-03,30
483,2003 World Youth Championships - Under 14s - Boys (CL + EW),2003-11-03,22
484,2003 World Youth Championships - Under 16s - Girls (HLOR),2003-11-03,12
485,2003 World Youth Championships - Under 16s - Boys (MD + KMcP),2003-11-03,22
486,2003 World Youth Championships - Under 18s - Girls (EA),2003-11-03,11
487,2003 World Youth Championships - Under 18s - Boys (SJ),2003-11-03,11
488,2003 Ulster Championships - Junior,2003-11-23,14
489,2003 Ulster Championships - Intermediate,2003-11-23,16
490,2003 European Community Youth Championships - Under 12s - Girls (SC),2003-11-29,7
491,2003 European Community Youth Championships - Under 12s - Boys (SOC),2003-11-29,7
492,2003 European Community Youth Championships - Under 14s - Girls (EF),2003-11-29,7
493,2003 European Community Youth Championships - Under 14s - Boys (JOD),2003-11-29,8
494,2003 Kilkenny Congress - Challengers,2003-11-30,97
495,2003 Kilkenny Congress - James Mason,2003-11-30,70
496,2003 Kilkenny Congress - Major,2003-11-30,43
497,2003 Kilkenny Congress - Masters,2003-11-30,28
498,2003 U.C.C. Challengers Trophy,2003-12-14,17
499,2003 U.C.C. Perpetual Cup,2003-12-14,32
500,2003 London Junior Championships - Under 14s - Minor (OB),2003-12-14,6
501,2003 London Junior Championships - Under 12s - Major (OB),2003-12-30,10
502,2003 Ulster Championships - Senior,2003-12-30,14
503,2004 Munster Junior Championships - Under 10s,2004-01-18,30
504,2004 Munster Junior Championships - Under 12s,2004-01-18,58
505,2004 Munster Junior Championships - Under 14s,2004-01-18,35
506,2004 Munster Junior Championships - Under 16s/18s,2004-01-18,18
507,2004 Charleville Club Championships,2004-01-19,7
508,2004 Williamson - Challengers,2004-01-25,15
509,2004 Williamson - Shield,2004-01-25,18
510,2004 Leinster Junior Championships - Under 10s,2004-01-25,7
511,2004 Leinster Junior Championships - Under 12s,2004-01-25,24
512,2004 Leinster Junior Championships - Under 16s,2004-01-25,19
513,2004 Leinster Junior Championships - Under 14s,2004-02-01,23
514,2004 Leinster Junior Championships - Under 19s,2004-02-01,10
515,2004 Gonzaga Classic - Junior,2004-02-08,35
516,2004 Gonzaga Classic - Minor,2004-02-08,30
517,2004 Gonzaga Classic - Major,2004-02-08,16
518,2004 Gonzaga Classic - Masters,2004-02-08,8
519,2004 Youth Interprovincials - Under 16s,2004-02-15,25
520,2004 Youth Interprovincials - Under 19s,2004-02-15,18
521,2004 Aosta Tournament - Open (SB\, TB + MOC),2004-02-15,29
522,2004 U.S. Ameteur Team Championships - East (DQ),2004-02-16,7
523,2004 Bunratty Festival - Minor,2004-02-22,116
524,2004 Bunratty Festival - Major,2004-02-22,86
525,2004 Bunratty Festival - Challengers,2004-02-22,59
526,2004 Bunratty Festival - Masters,2004-02-22,36
527,2004 City of Belfast Championships - Henderson Cup,2004-03-14,22
528,2004 City of Belfast Championships - Nemtzov Cup,2004-03-14,17
529,2004 Cork Congress - Minors,2004-03-28,68
530,2004 Cork Congress - Majors,2004-03-28,71
531,2004 Cork Congress - Masters,2004-03-28,37
532,2003-2004 U.C.U. Leagues - Div.2,2004-04-02,80
533,2003-2004 U.C.U. Leagues - Div.1,2004-04-02,55
534,2004 North Munster Championships - Junior,2004-04-04,23
535,2004 North Munster Championships - Senior,2004-04-04,29
536,2004 Leinster Championships - Junior,2004-04-12,14
537,2004 Leinster Championships - Challengers,2004-04-12,22
538,2004 Leinster Championships - Major,2004-04-12,22
539,2004 Leinster Championships - Masters,2004-04-12,12
540,2004 Irish Junior Championships - Under 10s,2004-04-18,30
541,2004 Irish Junior Championships - Under 12s,2004-04-18,42
542,2004 Irish Junior Championships - Under 14s,2004-04-18,25
543,2004 Irish Junior Championships - Under 16s,2004-04-18,28
544,2004 Irish Junior Championships - Under 19s,2004-04-18,2
545,2004 Limerick Club Championships - Junior,2004-04-20,20
546,2004 Limerick Club Championships - Round Robin,2004-04-20,9
547,2003-2004 Galway Winter League,2004-04-22,20
548,2004 All-Ireland Colleges Championships - Final - Under 14s (Gonzaga\, Methodist College\, St. Joseph's + Straffan),2004-04-24,20
549,2004 All-Ireland Colleges Championships - Final - Under 16s (Gonzaga\, St. Benildus\, Sullivan Upper + Templeogue),2004-04-24,25
550,2004 All-Ireland Colleges Championships - Final - Under 19s (Gonzaga\, Methodist College + St. Benildus),2004-04-24,23
551,2003-2004 M.C.U. Leagues - Div.3,2004-04-25,51
552,2003-2004 M.C.U. Leagues - Div.2,2004-04-25,43
553,2003-2004 M.C.U. Leagues - Div.1,2004-04-25,58
554,2004 Junior International Challenge Match - Under 12s (SO\, OB\, DM\, ER\, AK + SOC),2004-04-25,17
555,2004 Junior International Challenge Match - Under 14s (RR\, SM\, KSM\, DG\, JD + LN),2004-04-25,19
556,2004 Junior International Challenge Match - Under 16s (KMcP\, EW\, RD\, HLOR\, EA\, KOF + POF),2004-04-25,17
557,2004 National Club Championships (Dublin\, Fisherwick\, Phibsboro\, Rathmines/Crumlin),2004-04-25,31
558,2004 Malahide Millennium Tournament - Challengers,2004-05-03,38
559,2004 Malahide Millennium Tournament - Major,2004-05-03,29
560,2004 Limerick Club Championships - Senior,2004-05-12,33
561,2004 Tom White Cup,2004-05-12,36
562,2003-2004 L.C.U. Leagues - Div.4 [O'Hanlon Cup],2004-05-15,108
563,2003-2004 L.C.U. Leagues - Div.3 [Ennis Shield],2004-05-15,123
564,2003-2004 L.C.U. Leagues - Div.2 [Heidenfeld Shield],2004-05-15,170
565,2003-2004 L.C.U. Leagues - Div.1 [Armstrong Cup],2004-05-15,162
606,2003-2004 L.C.U. Leagues - Div.6 [Bodley Cup],2004-05-15,22
607,2003-2004 L.C.U. Leagues - Div.5 [B.E.A. Cup],2004-05-15,82
566,2004 Ulster Team Championships - Final (Clifton House v Fisherwick),2004-05-16,10
567,2004 Drogheda Club Championships,2004-05-20,14
568,2004 4NCL (SC),2004-05-23,3
569,2004 East Coast Championships,2004-05-27,30
570,2004 Cork Club Championships - Junior,2004-05-28,15
571,2004 Cork Club Championships - Senior,2004-05-28,42
572,2004 Cotswold Congress - Major (OB),2004-05-31,6
573,2004 Rathmines Club Championships - Junior,2004-06-03,8
574,2004 Rathmines Club Championships - Intermediate,2004-06-03,8
575,2004 Rathmines Club Championships - Senior,2004-06-03,12
576,2004 Drogheda Congress - Section C,2004-06-07,10
577,2004 Drogheda Congress - Section B,2004-06-07,6
578,2004 Drogheda Congress - Section A,2004-06-07,6
579,2004 Belfast Summerfest - Challengers,2004-06-13,24
580,2004 Belfast Summerfest - Open,2004-06-13,15
581,2004 Yeovil Congress - Major (OB),2004-06-27,4
582,2004 Branagan Cup,2004-06-28,71
583,2004 World Open - Under 1800 (DQ),2004-07-05,10
584,2004 Irish Championships - Open,2004-07-11,18
585,2004 Irish Championships - Junior,2004-07-18,54
586,2004 Irish Championships - Intermediate,2004-07-18,29
587,2004 Irish Championships - Senior,2004-07-18,20
588,2004 Faber Cup (CD\, EA + DG),2004-07-30,18
589,2004 Glorney Cup (JMcM\, DF\, EW\, GN + DG),2004-07-30,30
590,2004 Politiken Cup (MD),2004-07-31,11
591,2004 European Youth Championships - Under 10s - Boys (AM),2004-08-07,10
592,2004 European Youth Championships - Under 12s - Girls (PM),2004-08-07,10
593,2004 European Youth Championships - Under 12s - Boys (ER),2004-08-07,10
594,2004 European Youth Championships - Under 16s - Boys (KMcP),2004-08-07,10
595,2004 European Youth Championships - Under 18s - Boys (SJ),2004-08-07,10
596,2004 British Championships - Under 10s (MD),2004-08-13,8
597,2004 Lucan Club Championships,2004-08-24,13
598,2004 Sacramento Congress - Under 1800 (JL),2004-08-29,5
599,2004 Elm Mount Club Championships - Section D,2004-08-30,8
600,2004 Elm Mount Club Championships - Section C,2004-08-30,8
601,2004 Elm Mount Club Championships - Section B,2004-08-30,7
602,2004 Elm Mount Club Championships - Section A,2004-08-30,9
603,2004 European Union Youth Championships - Under 10s (AOD),2004-08-31,10
604,2004 European Union Youth Championships - Under 14s (SOC),2004-08-31,9
605,2004 European Union Youth Championships - Under 16s (KMcP),2004-08-31,10
608,2004 Sants Tournament - Group B (NW),2004-09-05,11
609,2004 Sants Tournament - Group A (DS),2004-09-05,10
610,2004 Junior International Match [v Scotland + Wales] - Under 12s,2004-09-05,30
611,2004 Junior International Match [v Scotland + Wales] - Under 14s,2004-09-05,33
612,2004 Junior International Match [v Scotland + Wales] - Under 16s,2004-09-05,24
613,2004 Galway Congress - Minor,2004-09-12,75
614,2004 Galway Congress - Major,2004-09-12,50
615,2004 Galway Congress - Challengers,2004-09-12,46
616,2004 Galway Congress - Masters,2004-09-12,22
617,2004 Munster Championships,2004-09-26,38
618,2004 Malahide Club Championships,2004-09-30,13
619,2004 City of Dublin Championships - Junior,2004-10-03,18
620,2004 City of Dublin Championships - Challengers,2004-10-03,31
621,2004 City of Dublin Championships - Major,2004-10-03,34
622,2004 City of Dublin Championships - Masters,2004-10-03,8
623,2004 Braille Championships,2004-10-03,18
624,2004 Isle of Man Tournament - Open (AF),2004-10-03,10
625,2004 Essent Tournament - Open (SB + MOC),2004-10-23,18
626,2004 Limerick Open,2004-10-25,46
627,2004 Olympiad - Women (SC\, GUL\, DQ + HLOR),2004-10-29,46
628,2004 Olympiad - Men (AB\, BK\, MQ\, SC\, GW + JR),2004-10-29,62
629,2004 Calvia Amateur Tournament - Group C (EP),2004-10-29,5
630,2004 Calvia Amateur Tournament - Group B (PW),2004-10-29,10
631,2004 World Youth Championships - Under 10s - Boys (AM),2004-11-13,12
632,2004 World Youth Championships - Under 12s - Girls (PM),2004-11-13,11
633,2004 World Youth Championships - Under 12s - Boys (OB\, JF\, SH +SO),2004-11-13,34
634,2004 World Youth Championships - Under 14s - Boys (DG\, SM +DM),2004-11-13,29
635,2004 World Youth Championships - Under 16s - Boys (MD + EW),2004-11-13,24
636,2004 Kilkenny Congress - Challengers,2004-11-28,77
637,2004 Kilkenny Congress - James Mason,2004-11-28,72
638,2004 Kilkenny Congress - Major,2004-11-28,52
639,2004 Kilkenny Congress - Masters,2004-11-28,29
640,2004 Bray Club Championships - Senior,2004-12-15,6
641,2004 Phibsboro Club Championships - Div.5,2004-12-16,4
642,2004 Phibsboro Club Championships - Div.4,2004-12-16,8
643,2004 Phibsboro Club Championships - Junior,2004-12-16,8
644,2004 Phibsboro Club Championships - Intermediate,2004-12-16,8
645,2004 Phibsboro Club Championships - Senior,2004-12-16,8
646,2004 Groningen Tournament - Group B (WG),2004-12-30,10
647,2005 Mulcahy Cup,2005-01-16,48
648,2005 Leinster Junior Championships - Under 14s,2005-01-23,10
649,2005 Leinster Junior Championships - Under 19s,2005-01-23,11
650,2005 Leinster Junior Championships - Under 10s,2005-01-30,11
651,2005 Leinster Junior Championships - Under 12s,2005-01-30,17
652,2005 Leinster Junior Championships - Under 16s,2005-01-30,21
653,2005 Munster Junior Championships - Under 10s,2005-01-30,26
654,2005 Munster Junior Championships - Under 12s,2005-01-30,48
655,2005 Munster Junior Championships - Under 14s,2005-01-30,36
656,2005 Munster Junior Championships - Under 16s,2005-01-30,11
657,2005 Munster Junior Championships - Under 18s,2005-01-30,11
658,2005 Williamson - Challengers,2005-01-30,19
659,2005 Williamson - Shield,2005-01-30,12
660,2005 Gonzaga Classic - Junior,2005-02-13,37
661,2005 Gonzaga Classic - Minor,2005-02-13,23
662,2005 Gonzaga Classic - Major,2005-02-13,18
663,2005 Gonzaga Classic - Masters,2005-02-13,6
664,2005 Bunratty Festival - Minor,2005-02-20,112
665,2005 Bunratty Festival - Major,2005-02-20,85
666,2005 Bunratty Festival - Challengers,2005-02-20,73
667,2005 Bunratty Festival - Masters,2005-02-20,34
668,2005 Junior International Match [v Wales] - Under 12s (AM\, MD\, AW +RW),2005-02-20,8
669,2005 Junior International Match [v Wales] - Under 14s (SO\, OB\, RS + PM),2005-02-20,8
670,2005 Junior International Match [v Wales] - Under 16s (HLOR\, DF\, GR + TL),2005-02-20,8
671,2005 Youth Interprovincials - Under 16s,2005-03-05,13
672,2005 Youth Interprovincials - Under 19s,2005-03-05,20
673,2005 City of Belfast Championships - Henderson Cup,2005-03-13,17
674,2005 City of Belfast Championships - Nemtzov Cup,2005-03-13,10
675,2005 Irish Junior Championships - Under 10s,2005-03-20,34
676,2005 Irish Junior Championships - Under 12s,2005-03-20,53
677,2005 Irish Junior Championships - Under 14s,2005-03-20,30
678,2005 Irish Junior Championships - Under 16s,2005-03-20,20
679,2005 Irish Junior Championships - Under 19s,2005-03-20,12
680,2005 Drogheda Club Championships - C,2005-03-23,5
681,2005 Drogheda Club Championships - B,2005-03-23,6
682,2005 Drogheda Club Championships - A,2005-03-23,6
683,2004-2005 Galway Winter League,2005-03-24,30
684,2005 Cork Congress - European Union Championships,2005-03-31,115
685,2005 Cork Congress - Minor,2005-04-03,68
686,2005 Cork Congress - Major,2005-04-03,82
687,2005 Cork Congress - Masters,2005-04-03,91
688,2005 North Munster Championships - Under 1200,2005-04-17,19
689,2005 North Munster Championships - Open,2005-04-17,25
690,2005 Coventry International Tournament (PW),2005-04-17,10
691,2005 Limerick Club Championships - Junior,2005-04-20,23
692,2005 Limerick Club Championships - Senior,2005-04-20,15
693,2004-2005 L.C.U. Leagues - Div.6 [Bodley Cup],2005-04-24,65
694,2004-2005 L.C.U. Leagues - Div.5 [B.E.A. Cup],2005-04-24,112
695,2004-2005 L.C.U. Leagues - Div.4 [O'Hanlon Cup],2005-04-24,114
696,2004-2005 L.C.U. Leagues - Div.3 [Ennis Shield],2005-04-24,117
697,2004-2005 L.C.U. Leagues - Div.2 [Heidenfeld Trophy],2005-04-24,165
698,2004-2005 L.C.U. Leagues - Div.1 [Armstrong Cup],2005-04-24,160
699,2005 Malahide Millennium Tournament - Challengers,2005-05-02,41
700,2005 Malahide Millennium Tournament - Major,2005-05-02,28
701,2005 Drogheda Club Championships - Div.1,2005-05-10,6
702,2004-2005 M.C.U. Leagues - Div.3,2005-05-15,40
703,2004-2005 M.C.U. Leagues - Div.2,2005-05-15,46
704,2004-2005 M.C.U. Leagues - Div.1,2005-05-15,53
705,2005 HB Global Challenge - Under 1800 (DQ),2005-05-22,10
706,2004-2005 4 NCL - Div.3 (HLOR + PW),2005-05-30,19
707,2005 Cork Club Championships - Junior,2005-05-31,12
708,2005 Cork Club Championships - Senior,2005-05-31,38
709,2005 Rathmines Club Championships - Junior,2005-05-31,10
710,2005 Rathmines Club Championships - Intermediate,2005-05-31,9
711,2005 Rathmines Club Championships - Senior,2005-05-31,16
712,2005 Drogheda Congress - Swiss,2005-06-06,11
713,2005 Drogheda Congress - Section E,2005-06-06,6
714,2005 Drogheda Congress - Section D,2005-06-06,6
715,2005 Drogheda Congress - Section C,2005-06-06,6
716,2005 Drogheda Congress - Section B,2005-06-06,6
717,2005 Drogheda Congress - Section A,2005-06-06,6
718,2005 Drogheda Club Championships - Div.2,2005-06-07,8
719,2005 Belfast Summerfest - Challengers,2005-06-12,20
720,2005 Belfast Summerfest - Open,2005-06-12,10
721,2005 National Club Championships (Ennis\, Galway\, Phibsboro + Rathmines),2005-06-12,27
722,2005 New South Wales Open (PC),2005-06-13,7
723,2005 Gold Coast Open (PC),2005-06-19,8
724,2005 World Open - Under 1800 (DQ),2005-07-04,8
725,2005 South Wales International Tournament (PW),2005-07-14,10
726,2005 Irish Championships - Junior,2005-07-15,34
727,2005 Irish Championships - Intermediate,2005-07-15,20
728,2005 Irish Championships - Senior,2005-07-17,20
729,2005 Irish Championships - Open,2005-07-17,41
730,2005 Queensland Championships (PC),2005-07-24,8
731,2005 Branagan Cup,2005-07-26,40
732,2005 World Youth Championships - Under 10s - Boys (RW),2005-07-28,12
733,2005 World Youth Championships - Under 12s - Boys (SH),2005-07-28,12
734,2005 World Youth Championships - Under 14s - Girls (CD),2005-07-28,12
735,2005 World Youth Championships - Under 14s - Boys (LN),2005-07-28,12
736,2005 World Youth Championships - Under 16s - Boys (DG + SM),2005-07-28,23
737,2005 World Youth Championships - Under 18s - Girls (EA),2005-07-28,12
738,2005 World Youth Championships - Under 18s - Boys (AL),2005-07-28,12
739,2005 Match (DP v SS),2005-07-29,2
740,2005 Faber Cup (SC\, AW + SC),2005-07-29,17
741,2005 Glorney Cup (DF\, DM\, CL\, RD + SO),2005-07-29,30
742,2005 Killane Shield,2005-07-30,53
743,2005 Sitges Open (JR),2005-07-30,10
744,2005 European Team Championships (AB\, BK\, SC + MO),2005-08-08,40
745,2005 Badalona Open (GMacE + JR),2005-08-09,20
746,2005 US Open (DQ),2005-08-14,10
747,2005 Irish Championships - Veterens,2005-08-21,3
748,2005 Queensland Adults Only Tournament (PC),2005-08-21,6
749,2005 Phibsboro Club Championships - Div.5,2005-08-25,6
750,2005 Phibsboro Club Championships - Div.4,2005-08-25,8
751,2005 Phibsboro Club Championships - Junior,2005-08-25,8
752,2005 Phibsboro Club Championships - Intermediate,2005-08-25,8
753,2005 EU Youth Championships - Under 10s (RW),2005-08-26,9
754,2005 EU Youth Championships - Under 12s (SM),2005-08-26,9
755,2005 EU Youth Championships - Under 14s (OB + JF),2005-08-26,16
756,2005 City of Dublin Championships - Junior,2005-08-28,18
757,2005 City of Dublin Championships - Challengers,2005-08-28,35
758,2005 City of Dublin Championships - Major,2005-08-28,35
759,2005 City of Dublin Championships - Masters,2005-08-28,20
760,2005 Elm Mount Club Championships - D,2005-08-29,6
761,2005 Elm Mount Club Championships - C,2005-08-29,5
762,2005 Papp Bela Memorial Tournament (SC),2005-08-29,10
763,2005 Malahide Club Ladder,2005-08-29,14
765,Ulster Leagues 2005 1 TC,2005-09-01,6
766,Ulster Leagues 2005 2 TC,2005-09-01,6
767,Ulster Leagues 2005 3 TC,2005-09-01,6
768,Ulster Senior 2005 TC,2005-09-01,7
769,Elm Mount CC A 2005,2005-09-01,10
770,Elm Mount CC B 2005,2005-09-01,7
771,Ennis Club Championship 2005,2005-09-01,17
772,Nell vd Graaff Classic 2005,2005-09-12,7
773,Ruth Coxhill Memorial 2005,2005-09-15,10
774,European Club Ch 1 2005,2005-09-24,25
775,European Club Ch 2 2005,2005-09-24,17
776,ECC 2005 Gerry Casey,2005-09-24,3
777,ECC 2005 John Knightson,2005-09-24,5
778,ECC 2005 Rory Quinn,2005-09-24,8
779,ECC 2005 Stefan Tomeczak,2005-09-24,8
780,Seefeld Open 2005,2005-09-25,10
781,Munster Championships 2005,2005-09-25,26
782,Isle of Man Masters 2005,2005-10-02,10
783,Malahide Club Championships 2005,2005-10-03,16
784,Braille Championships 2005,2005-10-09,10
785,Galway Congress 2005 - Minor,2005-10-10,80
786,Galway Congress 2005 - Major,2005-10-11,63
787,Galway Congress 2005 - Challengers,2005-10-12,51
788,Galway Congress 2005 - Masters,2005-10-13,26
789,Ulster Open Weekender 2005,2005-10-16,7
790,Limerick Open 2005,2005-10-31,48
791,Calvia Chess Festival 2005,2005-11-06,9
792,Queensland Weekender 2005,2005-11-06,5
793,Phibsboro Senior Club Ch. 2005,2005-11-08,8
794,Coffs Harbour Open 2005,2005-11-13,8
795,Kilkenny Congress 2005 - Challengers,2005-11-27,66
796,Kilkenny Congress 2005 - James Mason,2005-11-28,67
797,Kilkenny Congress 2005 - Major,2005-11-29,44
798,Kilkenny Congress 2005 - Masters,2005-11-30,22
799,Adare Club Tournament 2005,2005-12-23,8
800,Leinster Chess Ch. 2005 - Junior,2005-12-29,14
801,Leinster Chess Ch. 2005 - Challengers,2005-12-30,23
802,Leinster Chess Ch. 2005 - Major,2005-12-31,22
803,Leinster Chess Ch. 2005 - Masters,2005-12-31,15
804,Dublin CC Club Ch 2005,2005-12-31,10
805,Aeroflot Open 2006,2006-01-01,10
806,Prague Open 2006 - P Cafolla,2006-01-20,10
807,Prague Open 2006 - A Fox,2006-01-20,10
808,Mulcahy Cup 2006,2006-01-22,52
809,Munster Junior Ch. 2006 - U10,2006-01-22,24
810,Munster Junior Ch. 2006 - U12,2006-01-22,30
811,Munster Junior Ch. 2006 - U14,2006-01-22,21
812,Munster Junior Ch. 2006 - U16,2006-01-22,11
813,Munster Junior Ch. 2006 - U19,2006-01-22,6
814,Williamson Shield 2006 - T Clarke,2006-01-29,7
815,Williamson Shield 2006 - P McKillen,2006-01-29,7
816,Gibraltar Chess Congress 2006 - B Gill,2006-02-02,10
817,Gibraltar Chess Congress 2006 - AF/PC,2006-02-02,21
818,Gibraltar Challengers 2006 - P Cafolla,2006-02-03,6
819,Gonzaga Congress 2006 - Junior,2006-02-05,25
820,Gonzaga Congress 2006 - Minor,2006-02-06,20
821,Gonzaga Congress 2006 - Major,2006-02-07,17
822,Gonzaga Congress 2006 - Masters,2006-02-08,6
823,Bunratty Festival 2006 - Minor,2006-02-19,110
824,Bunratty Festival 2006 - Major,2006-02-20,67
825,Bunratty Festival 2006 - Challengers,2006-02-21,62
826,Bunratty Festival 2006 - Masters,2006-02-22,36
827,Interprovincials 2006 - U16,2006-03-04,19
828,Interprovincials 2006 - U19,2006-03-04,12
829,LCU Leagues 2005/06 Bodley,2006-03-12,53
830,LCU Leagues 2005/06 BA Cup,2006-03-12,97
831,LCU Leagues 2005/06 O'Hanlon,2006-03-12,125
832,LCU Leagues 2005/06 Ennis,2006-03-12,138
833,LCU Leagues 2005/06 Heidenfeld,2006-03-12,157
834,LCU Leagues 2005/06 Armstrong,2006-03-12,152
835,Blackpool Chess Conference 2006 JK,2006-03-13,6
836,Blackpool Chess Conference 2006 PH,2006-03-13,6
837,Galway Winter League 2006,2006-03-15,29
838,Cork Congress 2006 - Minor,2006-03-26,61
839,Cork Congress 2006 - Major,2006-03-27,57
841,Ulster Leagues 2006 1 TC,2006-03-27,5
842,Ulster Leagues 2006 2 TC,2006-03-27,5
843,Ulster Leagues 2006 3 TC,2006-03-27,5
840,Cork Congress 2006 - Masters,2006-03-28,52
844,Catalan Leagues 2006 JR,2006-04-09,10
845,North Munster 2006 Junior,2006-04-09,24
846,North Munster 2006 Open,2006-04-09,22
847,Tres Peons Open 2006,2006-04-12,6
848,Southend Chess Congress 2006 RRG,2006-04-17,8
849,Irish Juniors 2006 U12,2006-04-23,18
850,Irish Juniors 2006 U14,2006-04-23,15
851,Irish Juniors 2006 U16,2006-04-23,7
852,Irish Juniors 2006 U19,2006-04-23,7
853,Malahide Millennium 2006 Challengers,2006-05-01,27
854,Malahide Millennium 2006 Major,2006-05-01,31
855,Ulster Senior 2006 TC,2006-05-01,7
856,4NCL 2005-2006,2006-05-01,11
857,All-Ireland Colleges U14 2006,2006-05-06,0
858,All-Ireland Colleges U16 2006,2006-05-06,18
859,All-Ireland Colleges U19 2006,2006-05-06,24
860,MCU Leagues 2006 Div 3,2006-05-14,47
861,MCU Leagues 2006 Div 2,2006-05-14,53
862,MCU Leagues 2006 Div 1,2006-05-14,58
863,Bray CC Junior Championships 2006,2006-05-31,13
864,Bray CC Senior Championships 2006,2006-05-31,6
865,Rathmines CC Junior Championships 2006,2006-05-31,8
866,Rathmines CC Intermediate Championships 2006,2006-05-31,12
867,Rathmines CC Senior Championships 2006,2006-05-31,12
868,Branagan Cup 2006,2006-05-31,58
869,Killane Cup 2006,2006-05-31,66
870,Ennis Club Spring Tournament 2006,2006-05-31,11
871,Adare Club Tournament 2006,2006-05-31,8
872,Mens Olympiad 2006,2006-06-04,58
873,Womens Olympiad 2006,2006-06-04,43
874,Drogheda Congress 2006 Swiss,2006-06-05,11
875,Drogheda Congress 2006 C,2006-06-05,6
876,Drogheda Congress 2006 B,2006-06-05,6
877,Drogheda Congress 2006 A,2006-06-05,6
878,Salou Open 2006,2006-06-16,10
879,Sant Marti Open 2006,2006-06-17,9
880,Schachwochen B-Open 2006,2006-06-18,8
881,Foment Open 2006,2006-06-18,8
882,Malahide CC Championships 2006,2006-06-19,14
883,Richard Delaune Memorial 2006,2006-06-19,6
884,National Club Championships 2006,2006-06-25,29
885,Midnight Sun Challenge 2006,2006-07-02,10
886,World Open 2006,2006-07-04,7
887,Irish U1200 Weekender 2006,2006-07-09,14
888,Irish U1600 Weekender 2006,2006-07-09,11
889,Irish O1600 Weekender 2006,2006-07-09,14
890,First Saturday Tournament 2006,2006-07-11,12
891,South Wales International 2006,2006-07-13,10
892,Irish Junior Championships 2006,2006-07-13,23
893,Irish Intermediate Championships 2006,2006-07-13,10
894,South Wales Weekender 2006,2006-07-16,6
895,Irish Senior Championships 2006,2006-07-16,12
896,Irish Open Weekender 2006,2006-07-16,38
897,European Youth Team Championships 2006,2006-07-20,28
898,Weald Congress 2006,2006-07-30,6
899,Glorney Cup 2006,2006-08-04,18
900,Faber Cup 2006,2006-08-04,9
901,Ciutat de Badalona 2006,2006-08-10,6
902,British Championships 5 Day Open Wk1 2006,2006-08-11,6
903,British Championships Under 11 2006,2006-08-11,8
904,British Championships Atkins Open 2006,2006-08-13,6
905,Koszalin Festival 2006,2006-08-13,35
906,EU Youth Championships U12 2006,2006-08-17,27
907,EU Youth Championships U14 2006,2006-08-17,10
908,Styrian Youth Open 2006,2006-08-17,10
909,British Championships Major Open 2006,2006-08-18,12
910,British Championships 5 Day Open Wk2 2006,2006-08-18,5
911,Phibsboro CC Div 5 Champs 2006,2006-08-22,7
912,Phibsboro CC Div 4 Champs 2006,2006-08-22,8
913,Phibsboro CC Junior Champs 2006,2006-08-22,8
914,Phibsboro CC Intermediate Champs 2006,2006-08-22,8
915,Phibsboro CC Senior Champs 2006,2006-08-22,8
916,Surrey Congress 2006,2006-08-28,6
917,Malahide Ladder 2006,2006-08-31,10
918,Tri Nations Tournament 2006,2006-08-31,4
919,Sarsfield Club Championships 2006,2006-08-31,11
920,Elm Mount CC Championships D 2006,2006-08-31,5
921,Elm Mount CC Championships C 2006,2006-08-31,6
922,Elm Mount CC Championships B 2006,2006-08-31,6
923,Elm Mount CC Championships A 2006,2006-08-31,8
924,Surrey Congress 2006,2006-09-01,7
925,NY State Championships 2006,2006-09-04,7
926,City of Dublin Junior 2006,2006-09-07,18
927,City of Dublin Challengers 2006,2006-09-08,18
928,City of Dublin Major 2006,2006-09-09,20
929,City of Dublin Masters 2006,2006-09-10,13
930,Civil Service League 2006,2006-09-12,5
931,Braille Champs 2006,2006-09-18,18
932,East Coast Open 2006,2006-09-25,15
933,Galway Congress Minor 2006,2006-09-29,73
934,Galway Congress Major 2006,2006-09-30,37
935,Galway Congress Masters 2006,2006-10-01,64
936,IOM Masters AF 2006,2006-10-01,10
937,IOM Masters PC 2006,2006-10-01,10
938,European Club Championships 2006,2006-10-14,8
939,World Under 20 Championships 2006,2006-10-17,14
940,Calvia Chess Festival 2006,2006-10-20,9
941,Guernsey Open 2006,2006-10-21,27
942,Limerick Open 2006,2006-10-30,75
943,Munster Championships 2006,2006-11-12,14
944,Kilkenny Congress Challengers 2006,2006-11-23,86
945,Kilkenny Congress James Mason 2006,2006-11-24,47
946,Kilkenny Congress Major 2006,2006-11-25,50
947,Kilkenny Congress Masters 2006,2006-11-26,26
948,Leinster Championships Junior 2006,2006-12-28,15
949,Leinster Championships Challengers 2006,2006-12-29,22
950,Leinster Championships Major 2006,2006-12-30,20
951,Leinster Championships Masters 2006,2006-12-31,17
1062,Drogheda Intermediate Club Championship 2007,2007-01-01,6
1063,Drogheda Senior Club Championship 2007,2007-01-01,5
952,Hastings Masters 2007,2007-01-05,10
953,Prague Open 2007,2007-01-18,17
954,Marianske Lazne Open 2007,2007-01-18,17
955,Mulcahy Cup 2007,2007-01-18,48
956,MCU Juniors 2007 U12,2007-01-21,18
957,MCU Juniors 2007 U14,2007-01-21,17
958,MCU Juniors 2007 U16,2007-01-21,11
959,Westport CC 2007,2007-01-31,4
960,Gonzaga Minor 2007,2007-02-04,36
961,Gonzaga Major 2007,2007-02-04,19
962,Gonzaga Championship 2007,2007-02-04,18
963,Interprovincials Under 16 2007,2007-02-18,25
964,Interprovincials Under 19 2007,2007-02-18,18
965,Bunratty Minor 2007,2007-02-25,87
966,Bunratty Major 2007,2007-02-25,64
967,Bunratty Challengers 2007,2007-02-25,62
968,Bunratty Masters 2007,2007-02-25,48
969,Blackpool Open 2007,2007-03-18,6
970,LCU Leagues 2007 Bodley,2007-03-24,44
971,LCU Leagues 2007 BA Cup,2007-03-24,93
972,LCU Leagues 2007 O' Hanlon,2007-03-24,114
973,LCU Leagues 2007 Ennis Shield,2007-03-24,127
974,LCU Leagues 2007 Heidenfeld,2007-03-24,150
975,LCU Leagues 2007 Armstrong,2007-03-24,157
976,Cork Minor 2007,2007-03-25,58
977,Cork Major 2007,2007-03-25,38
978,Cork Masters 2007,2007-03-25,61
979,Munster Leagues 2007 Div 1,2007-03-31,61
982,Galway Winter League 2007,2007-03-31,0
980,Munster Leagues 2007 Div 2,2007-04-08,50
983,San Sebastian Open 2007,2007-04-08,10
984,Neckar Open 2007,2007-04-09,10
985,Ennis U1400 2007,2007-04-15,31
986,Ennis Open 2007,2007-04-15,26
987,Irish Juniors 2007 U12,2007-04-22,33
988,Irish Juniors 2007 U14,2007-04-22,24
989,Irish Juniors 2007 U16,2007-04-22,11
990,Irish Juniors 2007 U19,2007-04-22,2
991,Malahide Millennium Challengers 2007,2007-05-07,39
992,Malahide Millennium Major 2007,2007-05-07,32
993,Salou Open 2007,2007-05-14,10
994,4NCL 2007,2007-05-28,6
995,Rathmines CC's Senior 2007,2007-05-28,11
996,Rathmines CC's Inter 2007,2007-05-28,8
997,Rathmines CC's Junior1 2007,2007-05-28,4
998,Rathmines CC's Junior2 2007,2007-05-28,4
1064,Braille Championships of Ireland 2007,2007-06-01,10
999,Drogheda Congress Sec 1 2007,2007-06-04,6
1000,Drogheda Congress Sec 2 2007,2007-06-04,6
1001,Drogheda Congress Sec 3 2007,2007-06-04,6
1002,Drogheda Congress Sec 4 2007,2007-06-04,6
1003,Drogheda Congress Sec 5 2007,2007-06-04,6
1004,IrelandvSussex U8 2007,2007-06-17,19
1005,IrelandvSussex U10 2007,2007-06-17,19
1006,IrelandvSussex U12 2007,2007-06-17,17
1007,IrelandvSussex U16 2007,2007-06-17,20
1008,Malahide CC's 2007,2007-06-18,15
1009,National Club Ch's 2007,2007-06-25,29
1010,Pula Open 2007,2007-06-30,39
1038,Irish Junior Championship 2007,2007-06-30,38
1039,Irish Intermediate Championship 2007,2007-06-30,18
1011,Irish Championships Open 2007,2007-07-08,52
1014,Irish Championships Weekender 2007,2007-07-08,41
1015,South Wales Open 2007,2007-07-15,9
1016,Glorney Cup 2007,2007-07-26,31
1017,Faber Cup 2007,2007-07-26,9
1018,4 Nations Under 14 2007,2007-07-26,30
1019,4 Nations Under 12 2007,2007-07-26,30
1061,Miedzynarodowy Festival\, Koszalin\, Poland 2007,2007-08-05,17
1020,British CC's 2007,2007-08-10,50
1021,Badalona Open 2007,2007-08-14,18
1022,First Saturday Tournament 2007,2007-08-14,25
1023,Volkermart Open 2007,2007-08-15,10
1024,Banyoles Tournament 2007,2007-08-26,10
1025,Galway Summer Tournament 2007,2007-08-27,6
1026,Cork CC's 2007,2007-08-31,43
1027,Malahide Ladder 2007,2007-08-31,5
1028,Elm Mount CC's 2007 Sec A,2007-08-31,8
1029,Elm Mount CC's 2007 Sec B,2007-08-31,6
1030,Elm Mount CC's 2007 Sec C,2007-08-31,6
1031,Elm Mount CC's 2007 Sec D,2007-08-31,6
1032,Limerick CC's 2007,2007-08-31,9
1033,Phibsboro CC's Senior 2007,2007-08-31,8
1034,Phibsboro CC's Inter 2007,2007-08-31,8
1035,Phibsboro CC's Junior 2007,2007-08-31,8
1037,Phibsboro CC's Div 4 2007,2007-08-31,6
1040,City of Dublin Challengers 2007,2007-08-31,22
1041,City of Dublin Juniors 2007,2007-08-31,28
1042,City of Dublin Majors 2007,2007-08-31,25
1043,City of Dublin Masters 2007,2007-08-31,20
1044,Galway Minor 2007,2007-09-21,74
1045,Galway Major 2007,2007-09-21,45
1046,Galway Masters 2007,2007-09-21,61
1047,Isle of Man International 2007,2007-09-22,26
1161,Munster League Div 1 2007-08,2007-10-01,72
1048,Irish Veterans Championship 2007,2007-10-20,6
1049,European Club Championship\, Kemer\, Turkey 2007,2007-10-27,31
1050,Limerick Open 2007,2007-10-27,62
1051,Petra International\, Rome\, Italy 2007,2007-10-29,9
1053,Kilkenny James Mason 2007,2007-11-23,49
1054,Kilkenny Minor 2007,2007-11-23,78
1055,Kilkenny Major 2007,2007-11-23,49
1056,Kilkenny Masters 2007,2007-11-23,32
1057,Leinster Championships Challengers 2007,2007-11-28,24
1058,Leinster Championships Juniors 2007,2007-11-28,22
1059,Leinster Championships Majors 2007,2007-11-28,18
1060,Leinster Championships Masters 2007,2007-11-28,13
1124,Sarsfield Club Championships 2008 - unfinished,2007-12-01,8
1052,Hastings Masters 2007,2007-12-28,11
1130,Drogheda CC Championships 2008,2008-01-01,14
1131,Ciutat de Badalona 2008,2008-01-01,10
1071,Prague Open 2008,2008-01-11,19
1065,Wellington International 2008,2008-01-18,10
1066,Mulcahy Cup 2008,2008-01-18,52
1072,Marienbad Open 2008,2008-01-19,16
1067,Gonzaga Classic Challengers 2008,2008-02-01,40
1068,Gonzaga Classic Championship 2008,2008-02-01,12
1069,Gonzaga Classic Major 2008,2008-02-01,21
1070,Gonzaga Classic Masters 2008,2008-02-01,12
1103,Munster Juniors 2008 U16,2008-02-02,6
1104,Munster Juniors 2008 U14,2008-02-02,18
1105,Munster Juniors 2008 U12,2008-02-02,20
1106,Munster Juniors 2008 U10,2008-02-02,12
1091,4NCL 2008 4th Division,2008-02-09,3
1073,Brentwood Congress 2008,2008-02-16,6
1074,Interprovincial U16 2008,2008-02-16,24
1075,Interprovincial U19 2008,2008-02-16,25
1076,Bunratty Challengers 2008,2008-02-22,57
1077,Bunratty Minor 2008,2008-02-22,99
1078,Bunratty Major 2008,2008-02-22,79
1079,Bunratty Masters 2008,2008-02-22,48
1092,San Sebastion 2008,2008-03-16,9
1089,Scandinavian Ladies Open\, Taby 2008,2008-03-20,10
1101,24th Budapest Spring Festival,2008-03-21,10
1137,Branagan Cup 2008,2008-03-22,74
1138,Killane Shield 2008,2008-03-22,88
1086,Cork Congress 2008 Masters,2008-03-28,62
1087,Cork Congress 2008 Major,2008-03-28,47
1088,Cork Congress 2008 Minor,2008-03-28,55
1080,Leinster League Div 1 2007-2008 Armstrong Cup,2008-03-30,166
1081,Leinster League Div 2 2007-2008 Heidenfeld Trophy,2008-03-30,166
1082,Leinster League Div 3 2007-2008 Ennis Shield,2008-03-30,127
1083,Leinster League Div 4 2007-2008 O'Hanlon Cup,2008-03-30,119
1084,Leinster League Div 5 2007-2008 BEA Cup,2008-03-30,62
1085,Leinster League Div 2 2007-2008 Additional Results,2008-03-30,9
1099,Leinster League Div 6 2007-2008 Bodley Cup,2008-03-30,68
1133,Rathmines CC Senior Championship 2008,2008-04-08,10
1134,Rathmines CC Intermediate Championship 2008,2008-04-08,8
1135,Rathmines CC Junior Championship 2008,2008-04-08,8
1095,Irish Juniors 2008 U16,2008-04-11,7
1096,Irish Juniors 2008 U14,2008-04-11,32
1097,Irish Juniors 2008 U12,2008-04-11,31
1098,Irish Juniors 2008 U10,2008-04-11,31
1093,Ennis Open 2008,2008-04-18,39
1094,Ennis U1400 2008,2008-04-18,32
1090,Galway Winter League 2008,2008-04-20,27
1107,All-Ireland College Championships 2008 U19,2008-04-25,18
1108,All-Ireland College Championships 2008 U16,2008-04-25,25
1109,All-Ireland College Championships 2008 U14,2008-04-25,20
1100,Limerick CC Championship 2008,2008-05-05,20
1102,Cork CC Championship 2008,2008-05-09,54
1142,Elm Mount CC Championship A 2008,2008-05-12,8
1143,Elm Mount CC Championship B 2008,2008-05-12,6
1144,Elm Mount CC Championship C 2008,2008-05-12,6
1145,Elm Mount CC Championship D 2008,2008-05-12,6
1148,Malahide CC Championship 2008,2008-05-12,16
1149,Malahide CC Ladder 2008,2008-05-12,9
1110,Drogheda 2008 Section A,2008-05-30,6
1111,Drogheda 2008 Section B,2008-05-30,6
1112,Drogheda 2008 Section C,2008-05-30,6
1113,Drogheda 2008 Section D,2008-05-30,6
1114,Drogheda 2008 Section E,2008-05-30,6
1115,Drogheda 2008 Section F,2008-05-30,6
1116,Drogheda 2008 Section G,2008-05-30,6
1156,Phibsboro Junior CC 2008,2008-06-01,8
1157,Phibsboro Intermediate CC 2008,2008-06-01,8
1158,Phibsboro Senior CC 2008,2008-06-01,8
1119,Tramore Chess Festival 2008,2008-06-06,80
1117,First Saturday Tournament\, Budapest\, June 2008,2008-06-07,14
1118,Galway Summer Tournament 2008,2008-06-14,6
1159,National Club Championships 2008,2008-06-29,26
1120,Irish Senior Championships 2008,2008-07-05,32
1121,Irish Intermediate Championships 2008,2008-07-05,20
1122,Irish Junior Championships 2008,2008-07-05,43
1128,First Saturday Tournament\, Budapest\, July 2008,2008-07-05,11
1123,Irish Championship Weekender 2008,2008-07-11,50
1125,31st Taminco Tournament of Ghent 2008,2008-07-19,10
1136,Andorra Open 2008,2008-07-19,10
1139,Glorney Cup 2008,2008-07-23,20
1140,Faber Cup 2008,2008-07-23,18
1146,John Robinson U12 Cup 2008,2008-07-23,36
1147,Bernadette Stokes U14 Cup 2008,2008-07-23,36
1129,British Championships\, 2008,2008-07-28,14
1126,First Saturday Tournament\, Budapest\, August 2008 (part 1),2008-08-02,6
1127,First Saturday Tournament\, Budapest\, August 2008 (part 2),2008-08-02,6
1155,103rd Grand Tournoi International\, Paris 2008,2008-08-04,10
1132,European Youth Championships\, U10\, 2008,2008-08-05,10
1141,Jessie Gilbert International\, Coulsdon 2008,2008-08-16,10
1150,Bratto\, Italy 2008,2008-08-21,10
1151,City of Dublin Challengers 2008,2008-08-29,36
1152,City of Dublin Juniors 2008,2008-08-29,26
1153,City of Dublin Majors 2008,2008-08-29,27
1154,City of Dublin Masters 2008,2008-08-29,16
1290,Malahide Chess Club Ladder 2008-09,2008-09-01,8
1160,European Individual Championship\, Liverpool 2008,2008-09-09,52
1208,Leinster League Div 1 2008-2009 Armstrong Cup,2008-09-15,170
1209,Leinster League Div 2 2008-2009 Heidenfeld Trophy,2008-09-15,139
1210,Leinster League Div 3 2008-2009 Ennis Shield,2008-09-15,135
1211,Leinster League Div 4 2008-2009 O'Hanlon Cup,2008-09-15,146
1212,Leinster League Div 5 2008-2009 BEA Cup,2008-09-15,103
1213,Leinster League Div 6 2008-2009 Bodley Cup,2008-09-15,64
1206,Galway Winter League 2008-2009,2008-09-25,30
1279,Munster League 2008-09,2008-09-25,75
1223,Cork Chess Club Championship 2009,2008-10-01,56
1232,Northside Inter-Club Tournament 2008-09,2008-10-01,10
1275,Irish Veterans 2008,2008-10-01,6
1235,Limerick Club Championship 2008-2009,2008-10-02,21
1165,Galway Minors 2008,2008-10-03,81
1166,Galway Majors 2008,2008-10-03,62
1167,Galway Masters 2008,2008-10-03,41
1164,October First Saturday GM\, Budapest 2008,2008-10-04,10
1162,Braille Association Senior Championship 2008,2008-10-10,13
1163,Braille Association Major Championship 2008,2008-10-10,6
1169,European Youth Championships 2008,2008-10-14,8
1236,North Munster League 2008-2009,2008-10-15,21
1168,European Club Cup 2008,2008-10-17,13
1171,Guernsey Festival 2008,2008-10-19,8
1172,Limerick U1400 2008,2008-10-25,30
1173,Limerick Open 2008,2008-10-25,30
1170,Le Touquet Open A 2008,2008-10-26,26
1174,Dresden Olympiad 2008,2008-11-12,78
1179,Dresden Open 2008,2008-11-20,6
1175,Kilkenny Masters 2008,2008-11-28,40
1176,Kilkenny Major 2008,2008-11-28,44
1177,Kilkenny Challengers 2008,2008-11-28,67
1178,Kilkenny James Mason 2008,2008-11-28,63
1187,North American Open 2008,2008-12-26,8
1180,Leinster Championships Challengers 2008,2008-12-27,21
1181,Leinster Championships Majors 2008,2008-12-27,13
1182,Leinster Championships Masters 2008,2008-12-27,8
1184,Iles Medes 2008-2009,2008-12-27,19
1183,Hastings Masters 2008-09,2008-12-28,10
1185,Prague Open 2009,2009-01-09,10
1186,Mulcahy Cup 2009,2009-01-16,49
1188,Munster Juniors 2009 U16,2009-01-24,8
1189,Munster Juniors 2009 U14,2009-01-24,17
1190,Munster Juniors 2009 U12,2009-01-24,17
1191,Munster Juniors 2009 U10,2009-01-24,12
1192,Gibraltar Challengers 1 2009,2009-01-27,11
1194,Gibraltar Masters 2009,2009-01-27,31
1196,Gonzaga Classic Masters 2009,2009-01-30,8
1197,Gonzaga Classic Major 2009,2009-01-30,33
1198,Gonzaga Classic Challengers 2009,2009-01-30,39
1199,Gonzaga Classic Championship 2009,2009-01-30,10
1193,Gibraltar Challengers 2 2009,2009-02-01,11
1195,Gibraltar Amateur 2 2009,2009-02-01,11
1200,Bunratty Masters 2009,2009-02-20,38
1201,Bunratty Challengers 2009,2009-02-20,65
1202,Bunratty Major 2009,2009-02-20,85
1203,Bunratty Minor 2009,2009-02-20,97
1204,Junior Inter Provincials U16 2009,2009-02-28,24
1205,Junior Inter Provincials U19 2009,2009-02-28,13
1207,Blackpool Chess Conference 2009,2009-03-13,6
1225,Bray/Greystones Senior CC 2009,2009-03-15,6
1226,Bray/Greystones Minor CC 2009,2009-03-15,22
1214,Cork Masters 2009,2009-03-27,48
1215,Cork Major 2009,2009-03-27,44
1216,Cork Minor 2009,2009-03-27,46
1257,Branagan Cup 2009,2009-03-28,69
1289,William Brennan Trophy\, 2009,2009-03-30,63
1250,Malahide Club Championships 2009,2009-04-01,11
1224,San Sebastian Open 2009,2009-04-04,10
1282,Killane Shield 2009,2009-04-06,63
1222,Malakoff International Open 2009,2009-04-11,10
1217,Irish Junior Championships 2009 U10,2009-04-17,29
1218,Irish Junior Championships 2009 U12,2009-04-17,22
1219,Irish Junior Championships 2009 U14,2009-04-17,19
1220,Irish Junior Championships 2009 U16/U19,2009-04-17,14
1221,National Club Championships 2009,2009-04-26,39
1229,All-Ireland Colleges U19 Chamionships 2009,2009-04-26,18
1230,All-Ireland Colleges U16 Chamionships 2009,2009-04-26,25
1231,All-Ireland Colleges U14 Chamionships 2009,2009-04-26,12
1238,Rathmines CC Senior Championship 2009,2009-05-01,11
1239,Rathmines CC Intermediate Championship 2009,2009-05-01,9
1240,Rathmines CC Junior Championship 2009,2009-05-01,10
1252,Dempsey-O'Raghallaigh Match 2009,2009-05-01,2
1227,Malahide Millennium Major 2009,2009-05-02,25
1228,Malahide Millennium Challengers 2009,2009-05-02,29
1233,Ennis Open 2009,2009-05-15,44
1234,Ennis U1400 2009,2009-05-15,34
1237,Amersham Open 2009,2009-05-22,7
1280,Elm Mount Club Championship B 2009,2009-05-25,6
1281,Elm Mount Club Championship C 2009,2009-05-25,6
1283,Elm Mount Club Championship A 2009,2009-05-25,8
1241,Drogheda 2009 Section A,2009-05-29,6
1242,Drogheda 2009 Section B,2009-05-29,6
1243,Drogheda 2009 Section C,2009-05-29,6
1244,Drogheda 2009 Section D,2009-05-29,5
1245,Drogheda 2009 Section E,2009-05-29,6
1246,Drogheda 2009 Section F,2009-05-29,6
1247,Drogheda 2009 Section G,2009-05-29,6
1248,Drogheda 2009 Section H,2009-05-29,7
1270,Drogheda Club Championship 2009 Prelim A,2009-06-01,3
1271,Drogheda Club Championship 2009 Prelim B,2009-06-01,4
1272,Drogheda Club Championship 2009 Prelim C,2009-06-01,5
1273,Drogheda Club Championship 2009 Intermediate,2009-06-01,10
1274,Drogheda Club Championship 2009 Senior,2009-06-01,8
1261,Phibsboro Club Championships 2009 Senior A,2009-06-03,4
1262,Phibsboro Club Championships 2009 Senior B,2009-06-03,3
1263,Phibsboro Club Championships 2009 Intermediate,2009-06-03,8
1264,Phibsboro Club Championships 2009 Junior,2009-06-03,8
1265,Phibsboro Club Championships 2009 Section E,2009-06-03,9
1249,Las Vegas National Open 2009,2009-06-04,6
1276,Rybnik Festival 2009 A,2009-06-15,6
1277,Rybnik Festival 2009 B,2009-06-15,6
1251,Pula Open 2009,2009-06-27,10
1253,Irish Senior Championships 2009,2009-07-04,29
1254,Irish Intermediate Championships 2009,2009-07-04,20
1255,Irish Junior Championships 2009,2009-07-04,36
1256,Irish Weekender 2009,2009-07-10,49
1267,Glorney and Jessie Gilbert Cups 2009,2009-07-22,32
1268,Bernadette Stokes and John Robinson Cups 2009,2009-07-22,48
1269,U11 Tournament at 2009 Glorney,2009-07-22,14
1258,Czech Open B 2009,2009-07-24,10
1288,Charleroi Open\, Belgium\, 2009,2009-07-25,10
1266,British Championships 2009,2009-07-27,12
1259,British Championships U14 2009,2009-08-03,8
1260,British Championships 5 Day Open Week 2 PM 2009,2009-08-03,6
1278,Schwarzach 2009,2009-08-19,10
1291,European Youth Champonships\, Italy 2009,2009-08-31,10
1284,City of Dublin 2009 Masters,2009-09-04,16
1285,City of Dublin 2009 Major,2009-09-04,17
1286,City of Dublin 2009 Junior,2009-09-04,17
1287,City of Dublin 2009 Challengers,2009-09-04,28
1292,Irish Veterans 2009,2009-09-15,6
1327,Leinster League Div 1 2009-2010 Armstrong Cup,2009-09-15,156
1328,Leinster League Div 2 2009-2010 Heidenfeld Trophy,2009-09-15,166
1329,Leinster League Div 3 2009-2010 Ennis Shield,2009-09-15,128
1330,Leinster League Div 4 2009-2010 O'Hanlon Cup,2009-09-15,122
1331,Leinster League Div 5 2009-2010 BEA Cup,2009-09-15,84
1332,Leinster League Div 6 2009-2010 Bodley Cup,2009-09-15,52
1350,Adare Club Championship 2009-10,2009-09-15,12
1351,Limerick Club Championship 2009-10,2009-09-16,18
1362,Galway Winter League 2009-10,2009-09-29,28
1402,Drogheda Club Cup 2010,2009-10-01,20
1406,Drogheda CC Prelim A 2010,2009-10-01,5
1407,Drogheda CC Prelim B 2010,2009-10-01,5
1408,Drogheda CC Prelim C 2010,2009-10-01,5
1409,Drogheda CC Prelim D 2010,2009-10-01,5
1293,Braille Chess Championships 2009,2009-10-02,9
1294,Galway Major 2009,2009-10-09,76
1295,Galway Masters 2009,2009-10-09,32
1296,Galway Minor 2009,2009-10-09,64
1354,North Munster Individual 2009-10,2009-10-15,26
1363,Cork Chess Club Championships 2009-10,2009-10-15,55
1297,Le Touquet\, France 2009,2009-10-24,10
1298,Limerick Open 2009,2009-10-24,38
1299,Limerick U1400 2009,2009-10-24,22
1364,North Munster Junior Teams League 2009-10,2009-11-15,85
1359,Lost Knights Group B 2010,2009-11-21,11
1360,Lost Knights Group C 2010,2009-11-21,9
1381,Munster League Div 1 2009-10,2009-11-25,56
1300,Kilkenny Masters 2009,2009-11-27,34
1301,Kilkenny Major 2009,2009-11-27,33
1302,Kilkenny Minor 2009,2009-11-27,44
1303,Kilkenny James Mason 2009,2009-11-27,51
1413,North Munster Auxiliary 2009-10,2009-12-10,46
1304,Liverpool Junior Quadrangular 2009,2009-12-12,12
1345,Leinster All-Play-All 2010,2009-12-13,10
1305,Hastings Congress 2009-10,2009-12-28,10
1306,Prague Open 2010,2010-01-08,10
1361,First Saturday Budapest Jan 2010,2010-01-09,10
1352,Mulcahy Cup 2010,2010-01-15,50
1307,Munster Junior Championships U8 2010,2010-01-23,0
1308,Munster Junior Championships U10 2010,2010-01-23,17
1309,Munster Junior Championships U12 2010,2010-01-23,18
1310,Munster Junior Championships U14 2010,2010-01-23,17
1311,Munster Junior Championships U16 2010,2010-01-23,8
1316,Gibraltar Challengers 1 2010,2010-01-26,6
1318,Gibraltar Masters 2010,2010-01-26,21
1312,Gonzaga Classic Challengers 2010,2010-01-29,51
1313,Gonzaga Classic Championship 2010,2010-01-29,15
1314,Gonzaga Classic Major 2010,2010-01-29,25
1315,Gonzaga Classic Masters 2010,2010-01-29,11
1317,Gibraltar Challengers 2 2010,2010-01-31,5
1319,Gibraltar Amateur 2 2010,2010-01-31,12
1404,Drogheda Intermediate CC 2010,2010-02-09,8
1405,Drogheda Junior CC 2010,2010-02-09,4
1403,Drogheda Senior CC 2010,2010-02-16,9
1321,Bunratty Masters 2010,2010-02-19,27
1322,Bunratty Challengers 2010,2010-02-19,62
1323,Bunratty Major 2010,2010-02-19,64
1324,Bunratty Minor 2010,2010-02-19,95
1320,U16 Inter Provincials 2010,2010-02-26,17
1325,U19 Inter Provincials 2010,2010-02-26,13
1326,World Amateur\, Skokie IL\, 2010,2010-03-19,10
1333,Cork Masters 2010,2010-03-26,52
1334,Cork Major 2010,2010-03-26,46
1335,Cork Minor 2010,2010-03-26,40
1336,San Sebastion Open 2010,2010-03-28,37
1385,Malahide Club Championship 2010,2010-04-01,12
1392,Killane Shield 2010,2010-04-01,54
1393,William Brennan Trophy 2010,2010-04-01,55
1394,Branagan Cup 2010,2010-04-01,73
1337,Irish Junior Championships U10 2010,2010-04-11,32
1338,Irish Junior Championships U12 2010,2010-04-11,54
1339,Irish Junior Championships U14 2010,2010-04-11,22
1340,Irish Junior Championships U16 2010,2010-04-11,21
1341,Irish Junior Championships U19 2010,2010-04-11,4
1372,Phibsboro Club Championships 2010,2010-04-12,7
1378,Phibsboro Intermediate Club Championships 2010,2010-04-12,8
1379,Phibsboro Junior Club Championships 2010,2010-04-12,8
1380,Phibsboro Div4 Club Championships 2010,2010-04-12,10
1349,Thailand Open 2010,2010-04-14,10
1342,Leinster Championships Masters 2010,2010-04-16,12
1343,Leinster Championships Majors 2010,2010-04-16,18
1344,Leinster Championships Challengers 2010,2010-04-16,31
1346,Munster Championships Open 2010,2010-04-16,21
1347,Munster Championships U1300 2010,2010-04-16,22
1348,5th International Festival Vittorio Alfieri 2010,2010-04-16,6
1365,Rathmines Senior Club Championship 2009-10,2010-04-22,12
1366,Rathmines Intermediate Club Championship 2009-10,2010-04-22,8
1367,Rathmines Junior Club Championship 2009-10,2010-04-22,8
1357,Malahide Millennium Challengers 2010,2010-05-03,34
1358,Malahide Millennium Major 2010,2010-05-03,22
1353,National Club Championship 2010,2010-05-08,74
1355,Ennis Open 2010,2010-05-14,38
1356,Ennis U1400 2010,2010-05-14,35
1401,Drogheda Swiss 2010,2010-06-04,10
1414,Drogheda Congress Section A 2010,2010-06-04,6
1415,Drogheda Congress Section B 2010,2010-06-04,6
1416,Drogheda Congress Section C 2010,2010-06-04,6
1417,Drogheda Congress Section D 2010,2010-06-04,6
1418,Drogheda Congress Section E 2010,2010-06-04,6
1419,Drogheda Congress Section F 2010,2010-06-04,6
1420,Drogheda Congress Section G 2010,2010-06-04,6
1388,Elm Mount CC A 2010,2010-06-14,7
1410,Elm Mount CC B 2010,2010-06-14,6
1411,Elm Mount CC C 2010,2010-06-14,6
1373,II Abierto Internacional Sanxenxo 2010,2010-06-19,10
1368,Irish Senior Championships 2010,2010-07-03,28
1369,Irish Intermediate Championships 2010,2010-07-03,16
1370,Irish Junior Championships 2010,2010-07-03,30
1371,Irish Championships Weekender 2010,2010-07-09,38
1374,Glorney Cup 2010,2010-07-21,20
1375,Faber Cup 2010,2010-07-21,12
1376,U14 Four Nations 2010,2010-07-21,24
1377,U12 Four Nations 2010,2010-07-21,25
1382,British Championships 2010,2010-07-25,12
1383,British Championships U13 2010,2010-07-26,8
1384,British Championships 5 Day Open 2010,2010-07-26,5
1412,British Championships U11 2010,2010-07-26,8
1395,Bray/Greystones Open 2010,2010-08-04,6
1396,Bray/Greystones Minor 2010,2010-08-04,18
1441,European Youth Champs\, U10\, Austria 2010,2010-08-04,3
1386,Dun Laoghaire Centenary Grandmasters,2010-08-21,10
1387,Dun Laoghaire Centenary Masters,2010-08-21,10
1390,Joyce Weekender 2010,2010-08-21,31
1391,Irish Ladies Championship 2010,2010-08-21,8
1389,Kingstown Weekender 2010,2010-08-28,29
1397,City of Dublin Masters 2010,2010-09-03,14
1398,City of Dublin Majors 2010,2010-09-03,27
1399,City of Dublin Juniors 2010,2010-09-03,29
1400,City of Dublin Challengers 2010,2010-09-03,30
1421,EU Individual Championships 2010,2010-09-04,21
1456,Leinster League Div 1 2010-11 Armstrong Cup,2010-09-13,160
1488,Cork CC 2010-11,2010-09-15,46
1428,Irish Veterans 2010,2010-09-17,8
1458,Leinster League Div 3 2010-11 Ennis Shield,2010-09-20,123
1457,Leinster League Div 2 2010-11 Heidenfeld Trophy,2010-09-21,171
1427,Khanty Mansiysk Olympiad 2010,2010-09-21,76
1481,Drogheda CC 2010-11 Prelim A,2010-10-01,5
1482,Drogheda CC 2010-11 Prelim B,2010-10-01,5
1483,Drogheda CC 2010-11 Prelim C,2010-10-01,4
1484,Drogheda CC 2010-11 Prelim D,2010-10-01,4
1422,Galway Masters 2010,2010-10-01,44
1423,Galway Majors 2010,2010-10-01,61
1424,Galway Minor 2010,2010-10-01,53
1425,Braille Association Jubilee Major 2010,2010-10-01,20
1426,Braille Association Jubilee Minor 2010,2010-10-01,13
1459,Leinster League Div 4 2010-11 O'Hanlon Cup,2010-10-05,97
1460,Leinster League Div 5 2010-11 BEA Cup,2010-10-09,93
1480,Munster League Div 1 2010-11,2010-10-13,85
1485,Munster League Div 2 2010-11,2010-10-13,34
1486,Galway Winter League 2010-11,2010-10-14,20
1487,Limerick CC 2010-11,2010-10-14,23
1432,World Youth Championships 2010,2010-10-20,82
1429,Limerick Open 2010,2010-10-23,32
1430,Limerick U1400 2010,2010-10-23,33
1431,Uxbridge Premier 2010,2010-10-24,18
1461,Leinster League Div 6 2010-11 Bodley Cup,2010-11-02,106
1501,4NCL 2011 (Ryan Griffiths),2010-11-06,4
1433,Kilkenny Masters 2010,2010-11-26,32
1434,Kilkenny Major 2010,2010-11-26,41
1435,Kilkenny Minor 2010,2010-11-26,60
1436,Kilkenny James Mason 2010,2010-11-26,57
1437,London Classic FIDE Tournament 2010,2010-12-08,10
1438,Hastings International Congress 2010-11,2010-12-28,9
1443,Prague Open\, Czech Republic\, 2011,2011-01-07,20
1439,Adare Open 2011,2011-01-07,11
1440,Adare U1200 2011,2011-01-07,16
1479,Mulcahy Cup 2011,2011-01-14,36
1442,Marienbad Open\, Czech Republic\, 2011,2011-01-15,18
1444,Munster Juniors 2011 U10,2011-01-22,9
1445,Munster Juniors 2011 U12,2011-01-22,17
1446,Munster Juniors 2011 U14,2011-01-22,6
1447,Munster Juniors 2011 U16,2011-01-22,6
1448,Gonzaga Challengers 2011,2011-02-04,53
1449,Gonzaga Championship 2011,2011-02-04,30
1450,Gonzaga Masters 2011,2011-02-04,17
1520,Drogheda Club Championship 2011 Final A,2011-02-04,8
1521,Drogheda Club Championship 2011 Final B,2011-02-04,10
1451,National Club Championships 2011,2011-02-12,98
1523,Drogheda Chess Club Cup 2011,2011-02-15,18
1452,Bunratty Challengers 2011,2011-02-25,63
1453,Bunratty Major 2011,2011-02-25,56
1454,Bunratty Masters 2011,2011-02-25,34
1455,Bunratty Minor 2011,2011-02-25,103
1470,Irish Junior Inter Provincials 2011 U16,2011-03-18,24
1471,Irish Junior Inter Provincials 2011 U19,2011-03-18,24
1489,Rathmines Junior CC 2011,2011-03-31,6
1490,Rathmines Intermediate CC 2011,2011-03-31,8
1491,Rathmines Senior CC 2011,2011-03-31,13
1462,Cork Congress Major 2011,2011-04-01,32
1463,Cork Congress Masters 2011,2011-04-01,46
1464,Cork Congress Minor 2011,2011-04-01,48
1540,Malahide CC 2011,2011-04-08,17
1536,Branagan Cup 2011,2011-04-09,80
1472,Thailand Open 2011,2011-04-11,9
1494,Phibsboro CC Section A 2011,2011-04-14,6
1495,Phibsboro CC Section B 2011,2011-04-14,6
1496,Phibsboro CC Section C 2011,2011-04-14,6
1465,Irish Junior Championships 2011 U10,2011-04-15,26
1466,Irish Junior Championships 2011 U12,2011-04-15,21
1467,Irish Junior Championships 2011 U14,2011-04-15,19
1468,Irish Junior Championships 2011 U16,2011-04-15,12
1469,Irish Junior Championships 2011 U19,2011-04-15,6
1473,Leinster Championships Challengers 2011,2011-04-22,18
1474,Leinster Championships Juniors 2011,2011-04-22,21
1475,Leinster Championships Majors 2011,2011-04-22,14
1476,Leinster Championships Masters 2011,2011-04-22,12
1477,Malahide Millennium Challengers 2011,2011-04-30,28
1478,Malahide Millennium Major 2011,2011-04-30,24
1534,Elm Mount CC A 2011,2011-05-09,8
1535,North Munster League 2011,2011-05-09,23
1524,North Dublin Chess League A 2011,2011-05-16,7
1525,North Dublin Chess League B 2011,2011-05-16,6
1532,Ennis Open 2011,2011-05-20,49
1533,Ennis U1400 2011,2011-05-20,39
1512,Drogheda Congress Section A 2011,2011-06-04,6
1513,Drogheda Congress Section B 2011,2011-06-04,6
1514,Drogheda Congress Section C 2011,2011-06-04,6
1515,Drogheda Congress Section D 2011,2011-06-04,6
1516,Drogheda Congress Section E 2011,2011-06-04,6
1517,Drogheda Congress Section F 2011,2011-06-04,6
1518,Drogheda Congress Section G 2011,2011-06-04,6
1519,Drogheda Congress Swiss Section 2011,2011-06-04,9
1492,Waterford Major 2011,2011-06-10,26
1493,Waterford Minor 2011,2011-06-10,27
1537,Elm Mount CC B 2011,2011-06-13,6
1538,Elm Mount CC D 2011,2011-06-13,8
1541,Elm Mount CC C 2011,2011-06-13,8
1497,Irish Championships Junior 2011,2011-07-02,34
1498,Irish Championships Intermediate 2011,2011-07-02,21
1500,Irish Championships Senior 2011,2011-07-02,26
1502,Campionnat de Paris (Ryan Griffiths),2011-07-02,10
1531,Campionnat de Paris (David Fitzsimons),2011-07-02,10
1499,Irish Championships Weekender 2011,2011-07-09,35
1528,Trofeul Techirghiol\, U12\, Romania 2011,2011-07-10,9
1503,Glorney Cup 2011,2011-07-19,20
1504,Gilbert Cup 2011,2011-07-19,12
1505,John Robertson Cup 2011,2011-07-19,24
1506,Bernadette Stokes Cup 2011,2011-07-19,24
1507,Czech Open 2011,2011-07-22,20
1510,British Championships Major Open 2011,2011-07-24,21
1508,British Championships 2011,2011-07-25,24
1511,Ischia (Italy) Open 2011,2011-07-26,10
1509,British Championships U10 2011,2011-08-01,8
1527,European Youth Champs\, U14\, Austria 2011,2011-08-02,10
1526,European Youth Champs\, U12\, Austria 2011,2011-08-03,9
1529,Bray Open 2011,2011-08-03,8
1530,Bray Minor 2011,2011-08-03,10
1522,City of Dublin IM Tournament 2011,2011-08-25,10
1539,City of Dublin Masters 2011,2011-09-02,10
1542,City of Dublin Majors 2011,2011-09-02,29
1543,City of Dublin Juniors 2011,2011-09-02,38
1544,City of Dublin Challengers 2011,2011-09-02,37
